<!--
	Total RP 3
	Copyright 2014 Morgane "Ellypse" Parize <ellypse@totalrp3.info> @EllypseCelwe

	Licensed under the Apache License, Version 2.0 (the "License");
	you may not use this file except in compliance with the License.
	You may obtain a copy of the License at

		http://www.apache.org/licenses/LICENSE-2.0

	Unless required by applicable law or agreed to in writing, software
	distributed under the License is distributed on an "AS IS" BASIS,
	WITHOUT WARRANTIES OR CONDITIONS OF ANY KIND, either express or implied.
	See the License for the specific language governing permissions and
	limitations under the License.
-->

<Bindings>
	<Binding name="TRP3_TOGGLE" header="TRP3" category="ADDONS">
		TRP3_API.navigation.switchMainFrame();
	</Binding>
	<Binding name="TRP3_TOOLBAR_TOGGLE" category="ADDONS">
		if TRP3_API.toolbar then
			TRP3_API.toolbar.switch();
		end
	</Binding>
	<Binding name="TRP3_OPEN_TARGET_PROFILE" category="ADDONS">
		if UnitExists("target") then
			TRP3_API.slash.openProfile("target");
		end
	</Binding>
	<Binding name="TRP3_TOGGLE_CHARACTER_STATUS" category="ADDONS">
		TRP3_API.dashboard.switchStatus();
	</Binding>
</Bindings>
