<Ui>

  <!-- font used for the list buttons and totals -->
  <Font name="AddonUsageFont" inherits="NumberFont_Shadow_Med" virtual="true">
    <Color r="0.9" g="0.9" b="0.9"/>
  </Font>

  <!-- template for the three buttons across the bottom: reset, update and play/pause -->
	<Button name="AddonUsageButtonTemplate" virtual="true">
		<Size x="32" y="32"/>
		<NormalTexture file="Interface\Buttons\UI-SquareButton-Up" desaturated="true">
			<Color r="0.75" g="0.75" b="0.75"/>
		</NormalTexture>
		<PushedTexture file="Interface\Buttons\UI-SquareButton-Down" desaturated="true">
			<Color r="0.75" g="0.75" b="0.75"/>
		</PushedTexture>
		<HighlightTexture file="Interface\Buttons\UI-Common-MouseHilight" alphaMode="ADD" alpha="0.75">
			<Anchors>
				<Anchor point="TOPLEFT" x="2" y="-2"/>
				<Anchor point="BOTTOMRIGHT" x="-2" y="2"/>
			</Anchors>
		</HighlightTexture>
		<Scripts>
			<OnEnter>
				AddonUsage.ButtonOnEnter(self)
			</OnEnter>
			<OnLeave>
				AddonUsage.MiniTooltip:Hide()
			</OnLeave>
			<OnMouseDown>
				AddonUsage.UpdateButtonIcon(self,true)
			</OnMouseDown>
			<OnMouseUp>
				AddonUsage.UpdateButtonIcon(self,false)
			</OnMouseUp>
			<OnShow>
				AddonUsage.UpdateButtonIcon(self,false)
			</OnShow>
		</Scripts>
	</Button>

  <!-- list button template shared by both WithCPUTemplate and WithoutCPUTemplate -->
	<Button name="AddonUsageBaseListButtonTemplate" virtual="true">
		<Size x="352" y="18"/>
		<Layers>
			<Layer level="BACKGROUND">
				<!-- background stripe behind whole row -->
				<Texture parentKey="Stripe">
					<Anchors>
						<Anchor point="TOPLEFT" x="1" y="0"/>
						<Anchor point="BOTTOMRIGHT" x="-1" y="0"/>
					</Anchors>
					<Color r="1" g="1" b="1" a="0.06"/>
				</Texture>
			</Layer>
		</Layers>
		<HighlightTexture alphaMode="ADD">
			<Color r=".2" g=".5" b="1" a="0.25"/>
		</HighlightTexture>
	</Button>

  <!-- WithCPUTemplate has columns for name, memory (and percent) and cpu (and percent) -->
	<Button name="AddonUsageListButtonWithCPUTemplate" inherits="AddonUsageBaseListButtonTemplate" virtual="true">
		<Layers>
			<Layer level="ARTWORK">
				<FontString parentKey="CPUPercent" inherits="AddonUsageFont" justifyH="RIGHT">
					<Size x="0" y="18"/>
					<Anchors>
						<Anchor point="RIGHT" x="-3" y="0"/>
					</Anchors>
				</FontString>
				<FontString parentKey="CPU" inherits="AddonUsageFont" justifyH="RIGHT">
					<Size x="0" y="18"/>
					<Anchors>
						<Anchor point="RIGHT" relativeKey="$parent.CPUPercent" relativePoint="LEFT" x="-4" y="0"/>
					</Anchors>
				</FontString>
				<FontString parentKey="MemPercent" inherits="AddonUsageFont" justifyH="RIGHT">
					<Size x="0" y="18"/>
					<Anchors>
						<Anchor point="RIGHT" relativeKey="$parent.CPU" relativePoint="LEFT" x="-8" y="0"/>
					</Anchors>
				</FontString>
				<FontString parentKey="Mem" inherits="AddonUsageFont" justifyH="RIGHT">
					<Size x="0" y="18"/>
					<Anchors>
						<Anchor point="RIGHT" relativeKey="$parent.MemPercent" relativePoint="LEFT" x="-4" y="0"/>
					</Anchors>
				</FontString>
				<FontString parentKey="Name" inherits="AddonUsageFont" justifyH="LEFT">
					<Size x="0" y="18"/>
					<Anchors>
						<Anchor point="LEFT" x="3" y="0"/>
						<Anchor point="RIGHT" relativeKey="$parent.Mem" relativePoint="LEFT" x="-6" y="0"/>
					</Anchors>
				</FontString>
			</Layer>
		</Layers>
	</Button>

  <!-- WithoutCPUTemplate is just the name and memory columns -->
	<Button name="AddonUsageListButtonWithoutCPUTemplate" inherits="AddonUsageBaseListButtonTemplate" virtual="true">
		<Layers>
			<Layer level="ARTWORK">
				<FontString parentKey="MemPercent" inherits="AddonUsageFont" justifyH="RIGHT">
					<Size x="0" y="18"/>
					<Anchors>
						<Anchor point="RIGHT" x="-3" y="0"/>
					</Anchors>
				</FontString>
				<FontString parentKey="Mem" inherits="AddonUsageFont" justifyH="RIGHT">
					<Size x="0" y="18"/>
					<Anchors>
						<Anchor point="RIGHT" relativeKey="$parent.MemPercent" relativePoint="LEFT" x="-2" y="0"/>
					</Anchors>
				</FontString>
				<FontString parentKey="Name" inherits="AddonUsageFont" justifyH="LEFT">
					<Size x="0" y="18"/>
					<Anchors>
						<Anchor point="LEFT" x="3" y="0"/>
						<Anchor point="RIGHT" relativeKey="$parent.Mem" relativePoint="LEFT" x="-6" y="0"/>
					</Anchors>
				</FontString>
			</Layer>
		</Layers>
	</Button>

  <!-- the tabbed headers (Addons, Memory CPU) across the top of the window -->
	<Button name="AddonUsageHeaderTemplate" virtual="true">
		<Size x="0" y="21"/>
		<Layers>
			<Layer level="BACKGROUND">
				<Texture file="Interface\ChatFrame\ChatFrameTab">
					<Size x="8" y="21"/>
					<Anchors>
						<Anchor point="TOPLEFT"/>
					</Anchors>
					<TexCoords left="0.0625" right="0.1875" top="0.34375" bottom="1"/>
				</Texture>
				<Texture file="Interface\ChatFrame\ChatFrameTab">
					<Size x="8" y="21"/>
					<Anchors>
						<Anchor point="TOPRIGHT"/>
					</Anchors>
					<TexCoords left="0.8125" right="0.9375" top="0.34375" bottom="1"/>
				</Texture>
				<Texture file="Interface\ChatFrame\ChatFrameTab">
					<Size x="0" y="21"/>
					<Anchors>
						<Anchor point="TOPLEFT" x="8" y="0"/>
						<Anchor point="TOPRIGHT" x="-8" y="0"/>
					</Anchors>
					<TexCoords left="0.1875" right="0.8125" top="0.34375" bottom="1"/>
				</Texture>
			</Layer>
			<Layer level="HIGHLIGHT">
				<Texture file="Interface\ChatFrame\ChatFrameTab-HighlightLeft" alphaMode="ADD">
					<Size x="12" y="21"/>
					<Anchors>
						<Anchor point="TOPLEFT"/>
					</Anchors>
					<TexCoords left="0.1875" right="0.9375" top="0.34375" bottom="1"/>
					<Color r=".2" g=".5" b="1" a="0.75"/>
				</Texture>
				<Texture file="Interface\ChatFrame\ChatFrameTab-HighlightRight" alphaMode="ADD">
					<Size x="12" y="21"/>
					<Anchors>
						<Anchor point="TOPRIGHT"/>
					</Anchors>
					<TexCoords left="0.0625" right="0.8125" top="0.34375" bottom="1"/>
					<Color r=".2" g=".5" b="1" a="0.75"/>
				</Texture>
				<Texture file="Interface\ChatFrame\ChatFrameTab-HighlightMid" alphaMode="ADD">
					<Size x="0" y="21"/>
					<Anchors>
						<Anchor point="TOPLEFT" x="12" y="0"/>
						<Anchor point="TOPRIGHT" x="-12" y="0"/>
					</Anchors>
					<TexCoords left="0" right="1" top="0.34375" bottom="1"/>
					<Color r=".2" g=".5" b="1" a="0.75"/>
				</Texture>
			</Layer>
		</Layers>
		<ButtonText parentKey="Text">
			<Anchors>
				<Anchor point="CENTER" x="0" y="-1"/>
			</Anchors>
		</ButtonText>
		<NormalFont style="GameFontNormalSmall"/>
		<Scripts>
			<OnClick>
				AddonUsage.HeaderOnClick(self)
			</OnClick>
		</Scripts>
	</Button>

  <!-- main window -->
	<Frame name="AddonUsage" parent="UIParent" clampedToScreen="true" movable="true" resizable="true" flattenRenderLayers="true" frameStrata="HIGH" inherits="BasicFrameTemplate" hidden="true">
		<Size x="300" y="300"/>
		<ResizeBounds>
			<minResize>
				<AbsDimension x="270" y="200"/>
			</minResize>
			<maxResize>
				<AbsDimension x="800" y="900"/>
			</maxResize>
		</ResizeBounds>
		<Anchors>
			<Anchor point="CENTER"/>
		</Anchors>
		<Layers>
			<Layer level="BACKGROUND">
				<!-- WidthTest is never shown, only used for testing GetStringWidth -->
				<FontString parentKey="WidthTest" inherits="AddonUsageFont" hidden="true"/>
				<!-- streaks below list near bottom of window -->
				<Texture parentKey="TopTileStreaks" inherits="_UI-Frame-TopTileStreaks">
					<Anchors>
						<Anchor point="TOPLEFT" relativePoint="BOTTOMLEFT" x="0" y="33"/>
						<Anchor point="TOPRIGHT" relativePoint="BOTTOMRIGHT" x="-2" y="33"/>
					</Anchors>
				</Texture>
			</Layer>
		</Layers>
		<Frames>
			<Button parentKey="CPUHeader" inherits="AddonUsageHeaderTemplate" id="3" text="CPU (ms/s)">
				<Size x="90" y="21"/>
				<Anchors>
					<Anchor point="TOPRIGHT" x="-28" y="-24"/>
				</Anchors>
			</Button>
			<Button parentKey="MemHeader" inherits="AddonUsageHeaderTemplate" id="2" text="Memory (k)">
				<Size x="90" y="21"/>
				<Anchors>
					<Anchor point="TOPRIGHT" relativeKey="$parent.CPUHeader" relativePoint="TOPLEFT" x="1" y="0"/>
				</Anchors>
			</Button>
			<Button parentKey="NameHeader" inherits="AddonUsageHeaderTemplate" id="1" text="Addons">
				<Size x="0" y="21"/>
				<Anchors>
					<Anchor point="TOPLEFT" x="4" y="-24"/>
					<Anchor point="TOPRIGHT" relativeKey="$parent.MemHeader" relativePoint="TOPLEFT" x="1" y="0"/>
				</Anchors>
			</Button>
			<Frame parentKey="Totals">
				<Size x="0" y="26"/>
				<Anchors>
					<Anchor point="BOTTOMRIGHT" x="-26" y="4"/>
				</Anchors>
				<Layers>
					<Layer level="BACKGROUND">
						<Texture file="Interface\FrameGeneral\UI-Background-Marble" horizTile="true" vertTile="true">
							<Anchors> <!-- background dark marble texture -->
								<Anchor point="TOPLEFT" x="1" y="-1"/>
								<Anchor point="BOTTOMRIGHT" x="-1" y="1"/>
							</Anchors>
						</Texture>
					</Layer>
					<Layer level="BORDER">
						<Texture inherits="UI-Frame-InnerTopLeft">
							<Anchors>  <!-- topleft corner inset -->
								<Anchor point="TOPLEFT"/>
							</Anchors>
						</Texture>
						<Texture inherits="UI-Frame-InnerTopRight">
							<Anchors> <!-- topright corner inset -->
								<Anchor point="TOPRIGHT"/>
							</Anchors>
						</Texture>
						<Texture inherits="UI-Frame-InnerBotLeftCorner">
							<Anchors> <!-- bottomleft corner inset -->
								<Anchor point="BOTTOMLEFT"/>
							</Anchors>
						</Texture>
						<Texture inherits="UI-Frame-InnerBotRight">
							<Anchors> <!-- bottomright corner inset -->
								<Anchor point="BOTTOMRIGHT"/>
							</Anchors>
						</Texture>
						<Texture inherits="_UI-Frame-InnerTopTile">
							<Anchors> <!-- across top inset -->
								<Anchor point="TOPLEFT" x="6"/>
								<Anchor point="TOPRIGHT" x="-6"/>
							</Anchors>
						</Texture>
						<Texture inherits="_UI-Frame-InnerBotTile">
							<Anchors> <!-- across bottom inset -->
								<Anchor point="BOTTOMLEFT" x="6"/>
								<Anchor point="BOTTOMRIGHT" x="-6"/>
							</Anchors>
						</Texture>
						<Texture inherits="!UI-Frame-InnerLeftTile">
							<Anchors> <!-- down left inset -->
								<Anchor point="TOPLEFT" y="-6"/>
								<Anchor point="BOTTOMLEFT" y="6"/>
							</Anchors>
						</Texture>
						<Texture inherits="!UI-Frame-InnerRightTile">
							<Anchors> <!-- down right inset -->
								<Anchor point="TOPRIGHT" y="-6"/>
								<Anchor point="BOTTOMRIGHT" x="6"/>
							</Anchors>
						</Texture>
					</Layer>
					<Layer level="ARTWORK">
						<FontString parentKey="CPU" inherits="AddonUsageFont" justifyH="CENTER">
							<Size x="0" y="18"/>
							<Anchors>
								<Anchor point="RIGHT" x="-4" y="0"/>
							</Anchors>
						</FontString>
						<FontString parentKey="Mem" inherits="AddonUsageFont" justifyH="CENTER">
							<Size x="0" y="18"/>
							<Anchors>
								<Anchor point="LEFT" x="4" y="0"/>
							</Anchors>
						</FontString>
						<Texture parentKey="Divider" hidden="true">
							<Size x="1" y="18"/>
							<Anchors>
								<Anchor point="RIGHT"/>
							</Anchors>
							<Color r="0.2" g="0.2" b="0.2"/>
						</Texture>
					</Layer>
				</Layers>
			</Frame> <!-- end Totals -->
			<!-- grip in lower right corner to resize whole window -->
			<Button parentKey="ResizeGrip">
				<Size x="16" y="16"/>
				<HitRectInsets>
					<AbsInset left="-6" right="-2" top="-6" bottom="-2"/>
				</HitRectInsets>
				<Anchors>
					<Anchor point="BOTTOMRIGHT" relativePoint="BOTTOMRIGHT" x="-3" y="2"/>
				</Anchors>
				<NormalTexture file="Interface\ChatFrame\UI-ChatIM-SizeGrabber-Up"/>
				<PushedTexture file="Interface\ChatFrame\UI-ChatIM-SizeGrabber-Down"/>
				<HighlightTexture file="Interface\ChatFrame\UI-ChatIM-SizeGrabber-Highlight" alphaMode="ADD"/>
				<Scripts>
					<OnMouseDown>
						self:GetParent():StartSizing()
					</OnMouseDown>
					<OnMouseUp>
						self:GetParent():StopMovingOrSizing()
					</OnMouseUp>
				</Scripts>
			</Button>
      <!-- the thin grey lines separating columns is one frame with lines on left/right side -->
			<Frame parentKey="ColumnDividers">
				<Layers>
					<Layer level="OVERLAY">
						<Texture parentKey="MemColumn">
							<Size x="1" y="0"/>
							<Anchors>
								<Anchor point="TOPLEFT"/>
								<Anchor point="BOTTOMLEFT"/>
							</Anchors>
							<Color r="0.2" g="0.2" b="0.2"/>
						</Texture>
						<Texture parentKey="CPUColumn">
							<Size x="1" y="0"/>
							<Anchors>
								<Anchor point="TOPRIGHT"/>
								<Anchor point="BOTTOMRIGHT"/>
							</Anchors>
							<Color r="0.2" g="0.2" b="0.2"/>
						</Texture>
					</Layer>
				</Layers>
			</Frame>
      <!-- checkbutton in lowerleft to turn on/off cpu profiling -->
			<CheckButton parentKey="CPUCheckButton" inherits="UICheckButtonTemplate">
				<Size x="24" y="24"/>
				<HitRectInsets>
					<AbsInset left="-2" right="-2" top="-2" bottom="-2"/>
				</HitRectInsets>
				<Anchors>
					<Anchor point="BOTTOMLEFT" x="4" y="4"/>
				</Anchors>
				<Scripts>
					<OnClick>
						AddonUsage:CPUCheckButtonOnClick()
					</OnClick>
				</Scripts>
			</CheckButton>
      <!-- play/pause button immediately to left of totals for continuous updates -->
			<Button parentKey="PlayButton" inherits="AddonUsageButtonTemplate">
				<Anchors>
					<Anchor point="RIGHT" relativeKey="$parent.Totals" relativePoint="LEFT" x="-2" y="0"/>
				</Anchors>
				<KeyValues>
					<KeyValue key="tooltip" value="Continuous Update"/>
				</KeyValues>
				<Layers>
					<Layer level="OVERLAY">
						<Texture parentKey="Icon" file="Interface\TimeManager\PauseButton">
							<Size x="14" y="14"/>
							<Anchors>
								<Anchor point="CENTER"/>
							</Anchors>
							<TexCoords left="0.25" right="0.6875" top="0.28125" bottom="0.75"/>
						</Texture>
					</Layer>
				</Layers>
				<Scripts>
					<OnClick>
						AddonUsage:PlayButtonOnClick()
					</OnClick>
				</Scripts>
			</Button>
      <!-- update button next to play/pause will do a one-time update -->
			<Button parentKey="UpdateButton" inherits="AddonUsageButtonTemplate">
				<Anchors>
					<Anchor point="RIGHT" relativeKey="$parent.PlayButton" relativePoint="LEFT" x="4" y="0"/>
				</Anchors>
				<KeyValues>
					<KeyValue key="tooltip" value="Update"/>
				</KeyValues>
				<Layers>
					<Layer level="OVERLAY">
						<Texture parentKey="Icon" file="Interface\Buttons\UI-RefreshButton">
							<Size x="14" y="14"/>
							<Anchors>
								<Anchor point="CENTER"/>
							</Anchors>
						</Texture>
					</Layer>
				</Layers>
				<Scripts>
					<OnClick>
						AddonUsage:Update()
					</OnClick>
				</Scripts>
			</Button>
      <!-- reset button to left of update will collect garbage and reset cpu usage -->
			<Button parentKey="ResetButton" inherits="AddonUsageButtonTemplate">
				<Anchors>
					<Anchor point="RIGHT" relativeKey="$parent.UpdateButton" relativePoint="LEFT" x="4" y="0"/>
				</Anchors>
				<KeyValues>
					<KeyValue key="tooltip" value="Reset"/>
				</KeyValues>
				<Layers>
					<Layer level="OVERLAY">
						<Texture parentKey="Icon" file="Interface\Buttons\UI-StopButton">
							<Size x="14" y="14"/>
							<Anchors>
								<Anchor point="CENTER"/>
							</Anchors>
						</Texture>
					</Layer>
				</Layers>
				<Scripts>
					<OnClick>
						AddonUsage:ResetUsage()
					</OnClick>
				</Scripts>
			</Button>
            <!-- small tooltip to describe use of the above three buttons -->
			<Frame parentKey="MiniTooltip" frameStrata="TOOLTIP" inherits="TooltipBackdropTemplate" hidden="true">
				<Size x="0" y="26"/>
				<Layers>
					<Layer level="ARTWORK">
						<FontString parentKey="Text" inherits="GameFontNormalSmall"/>
					</Layer>
				</Layers>
			</Frame>
		</Frames>
		<Scripts>
			<OnLoad>
				self:RegisterEvent("PLAYER_LOGIN")
                self.MiniTooltip:SetBackdropBorderColor(0.5,0.5,0.5)
			</OnLoad>
			<OnEvent>
				self:OnEvent(event,...)
			</OnEvent>
			<OnMouseDown>
				self:StartMoving()
			</OnMouseDown>
			<OnMouseUp>
				self:StopMovingOrSizing()
			</OnMouseUp>
			<OnShow>
				self:OnShow()
			</OnShow>
		</Scripts>
	</Frame>

	<Script file="AddonUsage.lua"/>
	<Script file="AutoScrollFrame.lua"/>

</Ui>