<Ui xmlns="http://www.blizzard.com/wow/ui/" xmlns:xsi="http://www.w3.org/2001/XMLSchema-instance" xsi:schemaLocation="http://www.blizzard.com/wow/ui/
..\FrameXML\UI.xsd">
    <Script file="LibStub\LibStub.lua"/>
    <Include file="CallbackHandler-1.0\CallbackHandler-1.0.xml"/>
    <Script file="LibSharedMedia-3.0\LibSharedMedia-3.0.lua"/>

    <Include file="AceAddon-3.0\AceAddon-3.0.xml"/>
    <Include file="AceEvent-3.0\AceEvent-3.0.xml"/>
    <Include file="AceTimer-3.0\AceTimer-3.0.xml"/>
    <Include file="AceBucket-3.0\AceBucket-3.0.xml"/>
    <Include file="AceDB-3.0\AceDB-3.0.xml"/>
    <Include file="AceDBOptions-3.0\AceDBOptions-3.0.xml"/>
    <Include file="AceLocale-3.0\AceLocale-3.0.xml"/>
    <Include file="AceConsole-3.0\AceConsole-3.0.xml"/>
    <Include file="AceGUI-3.0\AceGUI-3.0.xml"/>
    <Include file="AceConfig-3.0\AceConfig-3.0.xml"/>
    <Include file="AceComm-3.0\AceComm-3.0.xml"/>
    <Include file="AceSerializer-3.0\AceSerializer-3.0.xml"/>
    <Include file="AceGUI-3.0-SharedMediaWidgets\widget.xml"/>
    <Include file="LibCustomGlow-1.0\LibCustomGlow-1.0.xml"/>
    <Script file="LibDeflate\LibDeflate.lua"/>

    <Script file="ForAllIndentsAndPurposes\indent.lua"/>

    <!--@version-retail@-->
    <Include file="LibDualSpec-1.0\LibDualSpec-1.0.lua"/>
    <!--@end-version-retail@-->

    <!--@version-bcc@
    @end-version-bcc@-->

    <!--@version-classic@
    <Script file="LibClassicCasterino\LibClassicCasterino.lua"/>
    <Include file="LibClassicDurations\LibClassicDurations.xml"/>
    @end-version-classic@-->
</Ui>
