﻿<Ui xmlns="http://www.blizzard.com/wow/ui/" xmlns:xsi="http://www.w3.org/2001/XMLSchema-instance" xsi:schemaLocation="http://www.blizzard.com/wow/ui/
..\FrameXML\UI.xsd">
    <Script file="..\Libs\LibStub\LibStub.lua"/>
    <Include file="..\Libs\CallbackHandler-1.0\CallbackHandler-1.0.xml"/>
    <Include file="..\Libs\AceGUI-3.0\AceGUI-3.0.xml"/>
    <Include file="..\Libs\AceConfig-3.0\AceConfig-3.0.xml"/>
    <Script file="..\Locale\ruRU.lua"/>
    <Script file="..\Locale\zhTW.lua"/>
    <Script file="..\Locale\zhCN.lua"/>
    <Script file="NugComboBarGUI.lua"/>
</Ui>