<Ui xmlns="http://www.blizzard.com/wow/ui/" xmlns:xsi="http://www.w3.org/2001/XMLSchema-instance" xsi:schemaLocation="http://www.blizzard.com/wow/ui/">

	<Frame name="Ellyb_StaticPopOpenUrl" hidden="true" parent="UIParent" frameStrata="FULLSCREEN_DIALOG">
		<Anchors>
			<Anchor point="CENTER" y="30" />
		</Anchors>
		<Size x="360" y="160" />
		<Layers>
			<Layer>
				<FontString parentKey="Text" inherits="GameFontHighlight">
					<Anchors>
						<Anchor point="TOP" relativePoint="TOP" y="-25" />
						<Anchor point="LEFT" x="35" />
						<Anchor point="RIGHT" x="-35" />
					</Anchors>
				</FontString>
			</Layer>
		</Layers>
		<Frames>
			<Button parentKey="CloseButton" inherits="UIPanelCloseButton">
				<Anchors>
					<Anchor point="TOPRIGHT">
						<Offset>
							<AbsDimension x="-3" y="-3" />
						</Offset>
					</Anchor>
				</Anchors>
			</Button>
			<EditBox parentKey="Url">
				<Anchors>
					<Anchor point="LEFT" x="35" />
					<Anchor point="RIGHT" x="-35" />
					<Anchor point="TOP" relativeKey="$parent.Text" relativePoint="BOTTOM" y="-10" />
				</Anchors>
				<Size y="32" />
				<Layers>
					<Layer level="BACKGROUND">
						<Texture parentKey="Left" file="Interface\ChatFrame\UI-ChatInputBorder-Left2">
							<Size>
								<AbsDimension x="32" y="32" />
							</Size>
							<Anchors>
								<Anchor point="LEFT" x="-10" y="0" />
							</Anchors>
						</Texture>
						<Texture parentKey="Right" file="Interface\ChatFrame\UI-ChatInputBorder-Right2">
							<Size>
								<AbsDimension x="32" y="32" />
							</Size>
							<Anchors>
								<Anchor point="RIGHT" x="10" y="0" />
							</Anchors>
						</Texture>
						<Texture parentKey="Mid" file="Interface\ChatFrame\UI-ChatInputBorder-Mid2" horizTile="true">
							<Size>
								<AbsDimension x="0" y="32" />
							</Size>
							<Anchors>
								<Anchor point="TOPLEFT" relativeKey="$parent.Left" relativePoint="TOPRIGHT">
									<Offset>
										<AbsDimension x="0" y="0" />
									</Offset>
								</Anchor>
								<Anchor point="TOPRIGHT" relativeKey="$parent.Right" relativePoint="TOPLEFT">
									<Offset>
										<AbsDimension x="0" y="0" />
									</Offset>
								</Anchor>
							</Anchors>
						</Texture>
					</Layer>
				</Layers>
				<FontString inherits="ChatFontNormal" setAllPoints="true" />
			</EditBox>
			<Button parentKey="Button">
				<Anchors>
					<Anchor point="BOTTOM" relativePoint="BOTTOM" y="20" />
				</Anchors>
				<Size x="128" y="21" />
				<ButtonText parentKey="Text">
					<Anchors>
						<Anchor point="CENTER">
							<Offset x="0" y="1" />
						</Anchor>
					</Anchors>
				</ButtonText>
				<NormalTexture file="Interface\Buttons\UI-DialogBox-Button-Up">
					<TexCoords left="0.0" right="1.0" top="0.0" bottom="0.71875" />
				</NormalTexture>
				<PushedTexture file="Interface\Buttons\UI-DialogBox-Button-Down">
					<TexCoords left="0.0" right="1.0" top="0.0" bottom="0.71875" />
				</PushedTexture>
				<DisabledTexture file="Interface\Buttons\UI-DialogBox-Button-Disabled">
					<TexCoords left="0.0" right="1.0" top="0.0" bottom="0.71875" />
				</DisabledTexture>
				<HighlightTexture file="Interface\Buttons\UI-DialogBox-Button-Highlight" alphaMode="ADD">
					<TexCoords left="0.0" right="1.0" top="0.0" bottom="0.71875" />
				</HighlightTexture>
				<NormalFont style="GameFontNormal" />
				<DisabledFont style="GameFontDisable" />
				<HighlightFont style="GameFontHighlight" />
				<Scripts>
					<OnClick>
						HideParentPanel(self);
					</OnClick>
				</Scripts>
			</Button>
		</Frames>
		<Scripts>
			<OnLoad>
				-- 9.x: Set backdrop at load time as the XML Backdrop element
				--      is no longer supported. A mixin could be used, but
				--      this is the simplest case for now that should work
				--      on all clients.

				if BackdropTemplateMixin then
					Mixin(self, BackdropTemplateMixin);
					self:SetScript("OnSizeChanged", self.OnBackdropSizeChanged);
					BackdropTemplateMixin.OnBackdropLoaded(self);
				end

				self:SetBackdrop(BACKDROP_DIALOG_32_32 or {
					bgFile = "Interface\\DialogFrame\\UI-DialogBox-Background",
					edgeFile = "Interface\\DialogFrame\\UI-DialogBox-Border",
					tile = true,
					tileEdge = true,
					tileSize = 32,
					edgeSize = 32,
					insets = { left = 11, right = 12, top = 12, bottom = 11 },
				});
			</OnLoad>
		</Scripts>
	</Frame>

	<Script file="Popups.lua"/>

</Ui>
