<Ui xmlns="http://www.blizzard.com/wow/ui/">
  <Frame
    name="AuctionatorConfigTooltipsFrameTemplate"
    mixin="AuctionatorConfigTooltipsFrameMixin"
    parent="InterfaceOptionsFrame"
    virtual="true">

    <Scripts>
      <OnLoad method="OnLoad"/>
      <OnShow method="OnShow"/>
      <OnHide method="Save"/>
    </Scripts>

    <Frames>
      <Frame inherits="AuctionatorConfigurationTitleFrame" parentKey="TitleArea">
        <KeyValues>
          <KeyValue key="titleText" value="AUCTIONATOR_L_CONFIG_TOOLTIPS_CATEGORY" type="global" />
          <KeyValue key="subTitleText" value="AUCTIONATOR_L_CONFIG_TOOLTIPS_TEXT" type="global"/>
        </KeyValues>
      </Frame>

      <Frame inherits="AuctionatorConfigurationCheckbox" parentKey="MailboxTooltips">
        <KeyValues>
          <KeyValue key="labelText" value="AUCTIONATOR_L_CONFIG_MAIL_TOOLTIP" type="global"/>
          <KeyValue key="tooltipTitleText" value="AUCTIONATOR_L_MAIL_TOOLTIP_TOOLTIP_HEADER" type="global"/>
          <KeyValue key="tooltipText" value="AUCTIONATOR_L_MAIL_TOOLTIP_TOOLTIP_TEXT" type="global"/>
        </KeyValues>
        <Anchors>
          <Anchor point="TOPLEFT" relativeKey="$parent.TitleArea" relativePoint="BOTTOMLEFT"/>
        </Anchors>
      </Frame>

      <Frame inherits="AuctionatorConfigurationCheckbox" parentKey="PetTooltips">
        <KeyValues>
          <KeyValue key="labelText" value="AUCTIONATOR_L_CONFIG_PET_TOOLTIP" type="global"/>
          <KeyValue key="tooltipTitleText" value="AUCTIONATOR_L_PET_TOOLTIP_TOOLTIP_HEADER" type="global"/>
          <KeyValue key="tooltipText" value="AUCTIONATOR_L_PET_TOOLTIP_TOOLTIP_TEXT" type="global"/>
        </KeyValues>
        <Anchors>
          <Anchor point="TOPLEFT" relativeKey="$parent.MailboxTooltips" relativePoint="BOTTOMLEFT"/>
        </Anchors>
      </Frame>

      <Frame inherits="AuctionatorConfigurationCheckbox" parentKey="VendorTooltips">
        <KeyValues>
          <KeyValue key="labelText" value="AUCTIONATOR_L_CONFIG_VENDOR_TOOLTIP" type="global"/>
          <KeyValue key="tooltipTitleText" value="AUCTIONATOR_L_VENDOR_TOOLTIP_TOOLTIP_HEADER" type="global"/>
          <KeyValue key="tooltipText" value="AUCTIONATOR_L_VENDOR_TOOLTIP_TOOLTIP_TEXT" type="global"/>
        </KeyValues>
        <Anchors>
          <Anchor point="TOPLEFT" relativeKey="$parent.PetTooltips" relativePoint="BOTTOMLEFT"/>
        </Anchors>
      </Frame>

      <Frame inherits="AuctionatorConfigurationCheckbox" parentKey="AuctionTooltips">
        <KeyValues>
          <KeyValue key="labelText" value="AUCTIONATOR_L_CONFIG_AUCTION_TOOLTIP" type="global"/>
          <KeyValue key="tooltipTitleText" value="AUCTIONATOR_L_AUCTION_TOOLTIP_TOOLTIP_HEADER" type="global"/>
          <KeyValue key="tooltipText" value="AUCTIONATOR_L_AUCTION_TOOLTIP_TOOLTIP_TEXT" type="global"/>
        </KeyValues>
        <Anchors>
          <Anchor point="TOPLEFT" relativeKey="$parent.VendorTooltips" relativePoint="BOTTOMLEFT"/>
        </Anchors>
      </Frame>

      <Frame inherits="AuctionatorConfigurationCheckbox" parentKey="EnchantTooltips">
        <KeyValues>
          <KeyValue key="labelText" value="AUCTIONATOR_L_CONFIG_ENCHANT_TOOLTIP" type="global"/>
          <KeyValue key="tooltipTitleText" value="AUCTIONATOR_L_ENCHANT_TOOLTIP_TOOLTIP_HEADER" type="global"/>
          <KeyValue key="tooltipText" value="AUCTIONATOR_L_ENCHANT_TOOLTIP_TOOLTIP_TEXT" type="global"/>
        </KeyValues>
        <Anchors>
          <Anchor point="TOPLEFT" relativeKey="$parent.AuctionTooltips" relativePoint="BOTTOMLEFT"/>
        </Anchors>
      </Frame>

      <Frame inherits="AuctionatorConfigurationCheckbox" parentKey="ShiftStackTooltips">
        <KeyValues>
          <KeyValue key="labelText" value="AUCTIONATOR_L_CONFIG_STACK_TOOLTIP" type="global"/>
          <KeyValue key="tooltipTitleText" value="AUCTIONATOR_L_STACK_TOOLTIP_TOOLTIP_HEADER" type="global"/>
          <KeyValue key="tooltipText" value="AUCTIONATOR_L_STACK_TOOLTIP_TOOLTIP_TEXT" type="global"/>
        </KeyValues>
        <Anchors>
          <Anchor point="TOPLEFT" relativeKey="$parent.EnchantTooltips" relativePoint="BOTTOMLEFT"/>
        </Anchors>
      </Frame>
    </Frames>
  </Frame>
</Ui>
