<Ui xmlns="http://www.blizzard.com/wow/ui/" xmlns:xsi="http://www.w3.org/2001/XMLSchema-instance" xsi:schemaLocation="http://www.blizzard.com/wow/ui/">

	<Script file="Assertions.lua"/>
	<Script file="Maths.lua"/>
	<Script file="Promise.lua"/>
	<Script file="Promises.lua"/>
	<Script file="Transitionators.lua"/>
	<Script file="Locale.lua"/>
	<Script file="Localization.lua"/>
	<Script file="../Locales.lua"/>
	<Script file="System.lua"/>
	<Script file="Colors.lua"/>
	<Script file="Tables.lua"/>
	<Script file="Functions.lua"/>
	<Script file="ColorsManager.lua"/>
	<Script file="Strings\Strings.lua"/>
	<Script file="Strings\Interpolate.lua"/>
	<Script file="SlashCommand.lua"/>
	<Script file="EventsDispatcher.lua"/>
	<Script file="GameEvents.lua"/>
	<Script file="Unit.lua"/>
	<Script file="DeprecationWarnings.lua"/>

</Ui>
