<Ui xmlns="http://www.blizzard.com/wow/ui/">
  <Frame
    name="AuctionatorConfigShoppingFrameTemplate"
    mixin="AuctionatorConfigShoppingFrameMixin"
    parent="InterfaceOptionsFrame"
    virtual="true">

    <Scripts>
      <OnLoad method="OnLoad"/>
      <OnShow method="OnShow"/>
      <OnHide method="Save"/>
    </Scripts>

    <Frames>
      <Frame inherits="AuctionatorConfigurationTitleFrame" parentKey="TitleArea">
        <KeyValues>
          <KeyValue key="titleText" value="AUCTIONATOR_L_CONFIG_SHOPPING_CATEGORY" type="global" />
          <KeyValue key="subTitleText" value="AUCTIONATOR_L_CONFIG_SHOPPING_TEXT" type="global"/>
        </KeyValues>
      </Frame>

      <Frame inherits="AuctionatorConfigurationCheckbox" parentKey="AutoListSearch">
        <KeyValues>
          <KeyValue key="labelText" value="AUCTIONATOR_L_CONFIG_AUTO_LIST_SEARCH" type="global" />
          <KeyValue key="tooltipTitleText" value="AUCTIONATOR_L_CONFIG_AUTO_LIST_SEARCH_TOOLTIP_HEADER" type="global" />
          <KeyValue key="tooltipText" value="AUCTIONATOR_L_CONFIG_AUTO_LIST_SEARCH_TOOLTIP_TEXT" type="global"/>
        </KeyValues>
        <Anchors>
          <Anchor point="TOPLEFT" relativeKey="$parent.TitleArea" relativePoint="BOTTOMLEFT" />
        </Anchors>
      </Frame>

      <Frame inherits="AuctionatorConfigurationHeadingFrame" parentKey="DefaultListHeading">
        <KeyValues>
          <KeyValue key="headingText" value="AUCTIONATOR_L_DEFAULT_LIST_HEADER" type="global"/>
        </KeyValues>
        <Anchors>
          <Anchor point="TOPLEFT" relativeKey="$parent.AutoListSearch" relativePoint="BOTTOMLEFT"/>
        </Anchors>
      </Frame>

      <Frame inherits="AuctionatorDropDown" parentKey="DefaultShoppingList">
        <KeyValues>
          <KeyValue key="labelText" value="" type="string" />
        </KeyValues>
        <Anchors>
          <Anchor point="TOPLEFT" relativeKey="$parent.DefaultListHeading" relativePoint="BOTTOMLEFT"/>
          <Anchor point="RIGHT" relativePoint="LEFT" x="50"/>
        </Anchors>
      </Frame>

      <Frame inherits="AuctionatorConfigurationCheckbox" parentKey="ListMissingTerms">
        <KeyValues>
          <KeyValue key="labelText" value="AUCTIONATOR_L_CONFIG_SHOPPING_LIST_MISSING_TERMS" type="global" />
          <KeyValue key="tooltipTitleText" value="AUCTIONATOR_L_CONFIG_SHOPPING_LIST_MISSING_TERMS_TOOLTIP_HEADER" type="global" />
          <KeyValue key="tooltipText" value="AUCTIONATOR_L_CONFIG_SHOPPING_LIST_MISSING_TERMS_TOOLTIP_TEXT" type="global"/>
        </KeyValues>
        <Anchors>
          <Anchor point="TOPLEFT" relativeKey="$parent.DefaultShoppingList" relativePoint="BOTTOMLEFT" />
        </Anchors>
      </Frame>
   </Frames>
  </Frame>
</Ui>
