<!-- Source directory manifest -->
<Ui xmlns="http://www.blizzard.com/wow/ui/">
  <Script file="Objects.lua" />
  <Script file="Locales\Main.lua" />
  <Include file="Constants\Manifest.xml" />

  <Include file="AH\Manifest.xml"/>

  <Include file="Components\Manifest.xml" />

  <Include file="Search\Manifest.xml" />

  <Include file="Utilities\Manifest.xml" />

  <Include file="Tooltips\Manifest.xml"/>

  <Include file="Variables\Manifest.xml" />
  <Include file="Database\Manifest.xml"/>

  <Include file="Events\Manifest.xml" />
  <Include file="SlashCmd\Manifest.xml" />

  <Include file="ShoppingLists\Manifest.xml" />
  <Include file="Config\Manifest.xml" />
  <Include file="Selling\Manifest.xml"/>
  <Include file="PostingHistory\Manifest.xml"/>

  <Include file="Cancelling\Manifest.xml"/>
  <Include file="ReagentSearch\Manifest.xml" />

  <Include file="Tabs\Manifest.xml" />
  <Include file="API\Manifest.xml" />

  <Include file="SplashScreen\Manifest.xml" />
</Ui>
