<Ui xmlns="http://www.blizzard.com/wow/ui/" xmlns:xsi="http://www.w3.org/2001/XMLSchema-instance"
	xsi:schemaLocation="http://www.blizzard.com/wow/ui/">

<!--
	Total RP 3
	Copyright 2014 Sylvain Cossement (telkostrasz@telkostrasz.be)

	Licensed under the Apache License, Version 2.0 (the "License");
	you may not use this file except in compliance with the License.
	You may obtain a copy of the License at

		http://www.apache.org/licenses/LICENSE-2.0

	Unless required by applicable law or agreed to in writing, software
	distributed under the License is distributed on an "AS IS" BASIS,
	WITHOUT WARRANTIES OR CONDITIONS OF ANY KIND, either express or implied.
	See the License for the specific language governing permissions and
	limitations under the License.
-->

	<Include file="characters\register_ui_characteristics.xml" />
	<Include file="characters\register_ui_about.xml" />
	<Include file="characters\register_ui_misc.xml" />
	<Include file="characters\register_ui_notes.xml" />
	<Include file="main\register_ui_glance.xml" />
	<Include file="main\register_ui_list.xml" />
	<Include file="characters\register_ui_main.xml" />

	<Script file="characters\register_main.lua" />
	<Script file="characters\register_ignore.lua" />
	<Script file="characters\register_characteristics.lua" />
	<Script file="characters\register_about.lua" />
	<Script file="characters\register_misc.lua" />
	<Script file="characters\register_notes.lua" />

	<Include file="characters\PlayerMapScan\PlayerMapScan.xml" />

	<Include file="companions\register_ui_companions_main.xml" />

	<Script file="main\register_exchange.lua" />
	<Script file="main\register_tooltip.lua" />
	<Script file="main\register_list.lua" />
	<Script file="main\RegisterPlayerChatLinksModule.lua" />
	<Script file="main\RegisterCompanionChatLinksModule.lua" />
	<Script file="main\AtFirstGlanceChatLinksModule.lua" />

	<Script file="main\register_glance.lua" />

	<Script file="msp\Fields.lua" />
	<Script file="msp\register_msp.lua" />

	<Frame name="TRP3_CursorFrame" parent="UIParent" hidden="true">
		<Size x="30" y="30" />
		<Anchors>
			<Anchor point="CENTER"/>
		</Anchors>
		<Layers>
			<Layer level="ARTWORK">
				<Texture parentKey="Icon" file="Interface\Cursor\WorkOrders">
					<Size x="30" y="30" />
					<Anchors>
						<Anchor point="CENTER"/>
					</Anchors>
				</Texture>
			</Layer>
		</Layers>
	</Frame>

	<Script file="main\register_cursor.lua" />

	<Include file="filter\register_mature_filter.xml" />
	<Script file="characters\ReportProfileButton.lua" />

</Ui>
