<Ui xmlns="http://www.blizzard.com/wow/ui/" xmlns:xsi="http://www.w3.org/2001/XMLSchema-instance" xsi:schemaLocation="http://www.blizzard.com/wow/ui/ http://wowprogramming.com/utils/xmlbrowser/live/FrameXML/UI.xsd">
    <!--
        Storyline

        Reputation bar

        Copyright 2016 Morgane "Ellypse" Parize <ellypse@totalrp3.info> @EllypseCelwe

        Licensed under the Apache License, Version 2.0 (the "License");
        you may not use this file except in compliance with the License.
        You may obtain a copy of the License at

            http://www.apache.org/licenses/LICENSE-2.0

        Unless required by applicable law or agreed to in writing, software
        distributed under the License is distributed on an "AS IS" BASIS,
        WITHOUT WARRANTIES OR CONDITIONS OF ANY KIND, either express or implied.
        See the License for the specific language governing permissions and
        limitations under the License.
    -->

    <StatusBar name="Storyline_NPCFriendshipStatusBar" hidden="true" frameStrata="DIALOG" parent="Storyline_NPCFrame">
        <Size x="230" y="14"/>
        <Anchors>
            <Anchor point="TOPRIGHT" y="8" x="-6" relativePoint="TOPRIGHT" relativeTo="Storyline_NPCFrameChat"/>
        </Anchors>
        <HitRectInsets>
            <AbsInset left="-25" right="0" top="-15" bottom="0"/>
        </HitRectInsets>
        <Layers>
            <Layer level="ARTWORK">
                <Texture file="Interface\Common\friendship-parts">  <!-- the bar itself -->
                    <Size x="267" y="38"/>
                    <Anchors>
                        <Anchor point="TOPLEFT" x="-31" y="18"/>
                    </Anchors>
                    <TexCoords left="0.01367188" right="0.53515625" top="0.01562500" bottom="0.60937500"/>
                </Texture>
            </Layer>
            <Layer level="ARTWORK" textureSubLevel="1">
                <Texture file="Interface\Common\friendship-heart" parentKey="icon">
                    <Size x="32" y="32"/>
                    <Anchors>
                        <Anchor point="TOPLEFT" x="-27" y="12"/>
                    </Anchors>
                </Texture>
                <Texture name="$parentNotch1" file="Interface\Common\friendship-parts">
                    <Size x="4" y="17"/>
                    <Anchors>
                        <Anchor point="TOPLEFT" x="43" y="1"/>
                    </Anchors>
                    <TexCoords left="0.00195313" right="0.00976563" top="0.01562500" bottom="0.28125000"/>
                </Texture>
                <Texture name="$parentNotch2" file="Interface\Common\friendship-parts">
                    <Size x="4" y="17"/>
                    <Anchors>
                        <Anchor point="LEFT" relativeTo="$parentNotch1" x="47" y="0"/>
                    </Anchors>
                    <TexCoords left="0.00195313" right="0.00976563" top="0.01562500" bottom="0.28125000"/>
                </Texture>
                <Texture name="$parentNotch3" file="Interface\Common\friendship-parts">
                    <Size x="4" y="17"/>
                    <Anchors>
                        <Anchor point="LEFT" relativeTo="$parentNotch2" x="47" y="0"/>
                    </Anchors>
                    <TexCoords left="0.00195313" right="0.00976563" top="0.01562500" bottom="0.28125000"/>
                </Texture>
                <Texture name="$parentNotch4" file="Interface\Common\friendship-parts">
                    <Size x="4" y="17"/>
                    <Anchors>
                        <Anchor point="LEFT" relativeTo="$parentNotch3" x="47" y="0"/>
                    </Anchors>
                    <TexCoords left="0.00195313" right="0.00976563" top="0.01562500" bottom="0.28125000"/>
                </Texture>
            </Layer>
            <Layer level="BACKGROUND">
                <Texture setAllPoints="true">  <!-- bar fill background -->
                    <Color r="0" g="0" b="0" a="0.5"/>
                </Texture>
            </Layer>
        </Layers>
        <Scripts>
            <OnLoad>
                    self:SetStatusBarTexture(1, 1, 1, "BORDER", -1);
                    self:GetStatusBarTexture():SetGradient("VERTICAL", 8/255, 93/255, 72/255, 11/255, 136/255, 105/255);
            </OnLoad>
            <OnEnter>
                    ShowFriendshipReputationTooltip(self.friendshipFactionID, self, "ANCHOR_TOPRIGHT")
            </OnEnter>
            <OnLeave>
                    GameTooltip:Hide();
            </OnLeave>
        </Scripts>
    </StatusBar>

    <!-- Load Lua scripts -->
    <Script file="reputation-bar.lua"/>

</Ui>