<Ui xmlns="http://www.blizzard.com/wow/ui/"
	xmlns:xsi="http://www.w3.org/2001/XMLSchema-instance"
	xsi:schemaLocation="http://www.blizzard.com/wow/ui/">

<!--
	Total RP 3
	Copyright 2014 Sylvain Cossement (telkostrasz@telkostrasz.be)

	Licensed under the Apache License, Version 2.0 (the "License");
	you may not use this file except in compliance with the License.
	You may obtain a copy of the License at

		http://www.apache.org/licenses/LICENSE-2.0

	Unless required by applicable law or agreed to in writing, software
	distributed under the License is distributed on an "AS IS" BASIS,
	WITHOUT WARRANTIES OR CONDITIONS OF ANY KIND, either express or implied.
	See the License for the specific language governing permissions and
	limitations under the License.
-->

	<!-- Icon browser  -->
	<Frame name="TRP3_CompanionBrowser" parent="TRP3_PopupsFrame" hidden="true" inherits="BackdropTemplate">
		<KeyValues>
			<KeyValue key="backdropInfo" value="TRP3_BACKDROP_MIXED_ACHIEVEMENT_TOOLTIP_415_16_3333" type="global"/>
		</KeyValues>
		<Size x="420" y="400"/>
		<Anchors>
			<Anchor point="CENTER" x="0" y="0"/>
		</Anchors>
		<Frames>
			<Button name="TRP3_CompanionBrowserClose" inherits="UIPanelCloseButton">
				<Anchors>
					<Anchor point="TOPRIGHT" x="-5" y="-5"/>
				</Anchors>
			</Button>
			<Frame name="TRP3_CompanionBrowserContent" inherits="TRP3_InnerFrame">
				<Size x="395" y="290"/>
				<Anchors>
					<Anchor point="TOP" x="0" y="-35"/>
				</Anchors>
				<Frames>
					<Slider name="TRP3_CompanionBrowserContentSlider" parentKey="slider" inherits="TRP3_Scrollbar">
						<Anchors>
							<Anchor point="TOP" x="0" y="-15"/>
							<Anchor point="RIGHT" x="0" y="0"/>
							<Anchor point="BOTTOM" x="0" y="12"/>
						</Anchors>
					</Slider>
				</Frames>
			</Frame>
			<!-- Filter section -->
			<Frame name="TRP3_CompanionBrowserFilter" inherits="BackdropTemplate">
				<KeyValues>
					<KeyValue key="backdropInfo" value="TRP3_BACKDROP_MIXED_DIALOG_TOOLTIP_415_16_3333" type="global"/>
					<KeyValue key="backdropColor" value="TRP3_BACKDROP_COLOR_DARK" type="global"/>
				</KeyValues>
				<Size x="0" y="60"/>
				<Anchors>
					<Anchor point="BOTTOMLEFT" x="10" y="10"/>
					<Anchor point="BOTTOMRIGHT" x="-10" y="10"/>
				</Anchors>
				<Layers>
					<Layer level="OVERLAY">
						<FontString name="TRP3_CompanionBrowserTotal" text="[placeholder total]" inherits="GameFontNormal">
							<Size x="0" y="10"/>
							<Anchors>
								<Anchor point="TOPLEFT" x="0" y="-12"/>
								<Anchor point="TOPRIGHT" x="0" y="-12"/>
							</Anchors>
							<Color b="0.95" r="0.95" g="0.95"/>
						</FontString>
					</Layer>
				</Layers>
				<Frames>
					<EditBox name="TRP3_CompanionBrowserFilterBox" inherits="TRP3_TitledEditBox">
						<Anchors>
							<Anchor point="BOTTOM" x="0" y="10"/>
						</Anchors>
					</EditBox>
					<Button name="TRP3_CompanionBrowserFilterHelp" inherits="TRP3_HelpButton">
						<Anchors>
							<Anchor point="TOPRIGHT" x="-10" y="-10"/>
						</Anchors>
						<Layers>
							<Layer level="OVERLAY">

								<Texture file="Interface\Calendar\EventNotificationGlow" name="$parentBlink" alpha="0.0" alphaMode="ADD">
									<Animations>
										<AnimationGroup name="$parentAnimate" looping="REPEAT">
											<Alpha duration="0.4" toAlpha="0.3" fromAlpha="0" smoothing="IN" order="1"/>
											<Alpha duration="0.4" toAlpha="0" fromAlpha="0.3" smoothing="OUT" startDelay="0.4" order="1"/>
										</AnimationGroup>
									</Animations>
									<Size x="25" y="25"/>
									<Anchors>
										<Anchor x="0" y="0" point="CENTER"/>
									</Anchors>
								</Texture>
							</Layer>
						</Layers>
						<Scripts>
							<OnEnter>
								TRP3_CompanionBrowserFilterHelpBlinkAnimate:Stop();
								self.animationShown = true;
								TRP3_RefreshTooltipForFrame(self);
							</OnEnter>
							<OnLoad>
								self.animationShown = false;
							</OnLoad>
						</Scripts>
					</Button>
				</Frames>
			</Frame>
		</Frames>
		<Layers>
			<Layer level="OVERLAY">
				<FontString name="TRP3_CompanionBrowserTitle" text="[placeholder]" inherits="GameFontNormalLarge">
					<Size x="0" y="10"/>
					<Anchors>
						<Anchor point="TOPLEFT" x="0" y="-17"/>
						<Anchor point="TOPRIGHT" x="0" y="-17"/>
					</Anchors>
					<Color b="0.95" r="0.95" g="0.95"/>
				</FontString>
			</Layer>
		</Layers>
	</Frame>

</Ui>
