<Ui xmlns="http://www.blizzard.com/wow/ui/"   xmlns:xsi="http://www.w3.org/2001/XMLSchema-instance"   xsi:schemaLocation="http://www.blizzard.com/wow/ui/">
	<Script file="ZoneTables.lua"/>
	<Script file="NpcLootTables.lua"/>
	<Script file="NpcInfoTables.lua"/>
	<Script file="ContainerInfoTables.lua"/>
	<Script file="ContainerLootTables.lua"/>
	<Script file="EventInfoTables.lua"/>
	<Script file="AchievementTables.lua"/>
	<Script file="LootQuestsTables.lua"/>
	<Script file="Conduits.lua"/>
	<Script file="Mounts.lua"/>
	<Script file="Pets.lua"/>
</Ui>