<Ui xmlns="http://www.blizzard.com/wow/ui/" xmlns:xsi="http://www.w3.org/2001/XMLSchema-instance" xsi:schemaLocation="http://www.blizzard.com/wow/ui/">

<!--
	Total RP 3
	Copyright 2014 Sylvain Cossement (telkostrasz@telkostrasz.be)

	Licensed under the Apache License, Version 2.0 (the "License");
	you may not use this file except in compliance with the License.
	You may obtain a copy of the License at

		http://www.apache.org/licenses/LICENSE-2.0

	Unless required by applicable law or agreed to in writing, software
	distributed under the License is distributed on an "AS IS" BASIS,
	WITHOUT WARRANTIES OR CONDITIONS OF ANY KIND, either express or implied.
	See the License for the specific language governing permissions and
	limitations under the License.
-->

	<Frame name="TRP3_MatureFilterPopup" hidden="true" inherits="BackdropTemplate">
		<KeyValues>
			<KeyValue key="backdropInfo" value="TRP3_BACKDROP_TOOLTIP_415_16_3333" type="global"/>
			<KeyValue key="backdropColor" value="TRP3_BACKDROP_COLOR_DARK" type="global"/>
		</KeyValues>
		<Size x="420" y="400"/>
		<Anchors>
			<Anchor point="LEFT" x="0" y="0"/>
			<Anchor point="RIGHT" x="0" y="0"/>
		</Anchors>
		<Layers>
			<Layer level="BACKGROUND">
				<Texture file="Interface\Pictures\SteamyRomance07" >
					<Anchors>
						<Anchor point="TOPLEFT" x="3" y="-3" />
						<Anchor point="BOTTOMRIGHT" x="-3" y="3"/>
					</Anchors>
					<TexCoords left="0.12" right="0.53" top="0.08" bottom="0.53"/>
					<Color r="0.35" g="0.35" b="0.35"/>
				</Texture>
			</Layer>
			<Layer level="OVERLAY">
				<Texture parentKey="warning" file="Interface\AddOns\totalRP3\resources\18_emoji.tga">
					<Size x="40" y="40"/>
					<Anchors>
						<Anchor point="TOP" y="-15" />
					</Anchors>
				</Texture>
				<FontString parentKey="title" text="[placeholder]" inherits="GameFontNormalHuge3" outline="THICK">
					<Size x="0" y="10"/>
					<Anchors>
						<Anchor point="TOP" relativeKey="$parent.warning" relativePoint="BOTTOM" y="-25"/>
					</Anchors>
					<Color r="1" g="0" b="0"/>
				</FontString>
				<Texture atlas="AdventureMapLabel-Large">
					<Size x="450" y="48"/>
					<Anchors>
						<Anchor point="TOP" relativeKey="$parent.title" relativePoint="TOP" y="20"/>
					</Anchors>
				</Texture>
				<FontString parentKey="text" text="[placeholder]" inherits="GameFontNormalMed1" justifyH="LEFT">
					<Size x="0" y="150"/>
					<Anchors>
						<Anchor point="LEFT" x="50"/>
						<Anchor point="RIGHT" x="-50"/>
					</Anchors>
					<Color  r="1" g="1" b="1"/>
				</FontString>
			</Layer>
		</Layers>
		<Frames>
			<Button parentKey="cancel" inherits="TRP3_CommonButton">
				<Size x="120" y="20"/>
				<Anchors>
					<Anchor point="BOTTOMLEFT" x="40" y="80"/>
				</Anchors>
			</Button>
			<Button parentKey="accept" inherits="TRP3_CommonButton">
				<Size x="120" y="20"/>
				<Anchors>
					<Anchor point="BOTTOMRIGHT" x="-40" y="80"/>
				</Anchors>
			</Button>
			<Button parentKey="remember" inherits="TRP3_CommonButton">
				<Size x="240" y="20"/>
				<Anchors>
					<Anchor point="BOTTOM"  y="45"/>
				</Anchors>
			</Button>
			<Button parentKey="disable" inherits="TRP3_CommonButton">
				<Size x="240" y="20"/>
				<Anchors>
					<Anchor point="BOTTOM" y="20"/>
				</Anchors>
			</Button>
		</Frames>
	</Frame>


	<!-- Mature dictionary browser line  -->
	<Button name="TRP3_MatureDictionaryLine" virtual="true" inherits="BackdropTemplate">
		<KeyValues>
			<KeyValue key="backdropInfo" value="TRP3_BACKDROP_MIXED_DIALOG_TOOLTIP_415_16_3333" type="global"/>
		</KeyValues>
		<Size x="0" y="28"/>
		<Anchors>
			<Anchor point="LEFT" x="8" y="0"/>
			<Anchor point="RIGHT" x="-25" y="0"/>
		</Anchors>
		<Layers>
			<Layer level="OVERLAY">
				<FontString parentKey="text" name="$parentText" text="[placeholder_line]" inherits="GameFontNormal" justifyH="LEFT">
					<Size x="0" y="10"/>
					<Anchors>
						<Anchor point="LEFT" x="15" y="0"/>
						<Anchor point="RIGHT" x="-15" y="0"/>
					</Anchors>
					<Color b="0.95" r="0.95" g="0.95"/>
				</FontString>
				<Texture alphaMode="ADD" alpha="0" parentKey="tick" file="Interface/ACHIEVEMENTFRAME/UI-Achievement-Alert-Glow">
					<Size x="70" y="16"/>
					<TexCoords left="0.8" right="1" top="0.1" bottom="0.22"/>
					<Anchors>
						<Anchor point="LEFT" x="-20" y="0"/>
					</Anchors>
				</Texture>
			</Layer>
		</Layers>
		<Frames>
			<Frame name="$parentHighlight" inherits="GlowBorderTemplate" hidden="true" alpha="0.3">
				<Anchors>
					<Anchor point="TOPLEFT" x="5" y="-2"/>
					<Anchor point="BOTTOMRIGHT" x="-3" y="5"/>
				</Anchors>
			</Frame>
		</Frames>
		<Scripts>
			<OnLoad inherit="prepend">
				self:RegisterForClicks("LeftButtonUp", "RightButtonUp");
			</OnLoad>
			<OnEnter>
				TRP3_RefreshTooltipForFrame(self);
				_G[self:GetName() .. "Highlight"]:Show();
			</OnEnter>
			<OnLeave>
				TRP3_MainTooltip:Hide();
				_G[self:GetName() .. "Highlight"]:Hide();
			</OnLeave>
		</Scripts>
	</Button>

	<!-- Mature dictionary editor  -->
	<Frame name="TRP3_MatureDictionaryEditor" hidden="true" inherits="BackdropTemplate">
		<KeyValues>
			<KeyValue key="backdropInfo" value="TRP3_BACKDROP_MIXED_ACHIEVEMENT_TOOLTIP_415_16_3333" type="global"/>
		</KeyValues>
		<Size x="420" y="410"/>
		<Anchors>
			<Anchor point="CENTER" x="0" y="0"/>
		</Anchors>
		<Frames>
			<Button inherits="UIPanelCloseButton">
				<Anchors>
					<Anchor point="TOPRIGHT" x="-5" y="-5"/>
				</Anchors>
				<Scripts>
					<OnClick>
						TRP3_MatureDictionaryEditor:Hide();
						TRP3_API.popup.hidePopups();
					</OnClick>
				</Scripts>
			</Button>
			<Frame parentKey="content" inherits="TRP3_InnerFrame">
				<Size x="390" y="295"/>
				<Anchors>
					<Anchor point="TOP" x="0" y="-35"/>
				</Anchors>
				<Frames>
					<Slider parentKey="slider" inherits="TRP3_Scrollbar" />
				</Frames>
			</Frame>
			<Frame parentKey="addNewWord" inherits="BackdropTemplate">
				<KeyValues>
					<KeyValue key="backdropInfo" value="TRP3_BACKDROP_MIXED_DIALOG_TOOLTIP_0_16_3333" type="global"/>
				</KeyValues>
				<Size x="0" y="60"/>
				<Anchors>
					<Anchor point="BOTTOMLEFT" x="15" y="10"/>
					<Anchor point="BOTTOMRIGHT" x="-15" y="10"/>
				</Anchors>
				<Frames>
					<Button parentKey="button" inherits="TRP3_CommonButton">
						<Size x="120" y="20"/>
						<Anchors>
							<Anchor point="RIGHT" x="-10"/>
						</Anchors>
					</Button>
					<EditBox parentKey="input" inherits="TRP3_TitledEditBox">
						<Anchors>
							<Anchor point="LEFT" x="20"/>
							<Anchor point="RIGHT" x="-10" relativeKey="$parent.button" relativePoint="LEFT"/>
						</Anchors>
						<Layers>
							<Layer level="OVERLAY">
								<Texture alphaMode="ADD" alpha="0" parentKey="tick" file="Interface/ACHIEVEMENTFRAME/UI-Achievement-Alert-Glow">
									<Size x="70" y="16"/>
									<TexCoords left="0.8" right="1" top="0.1" bottom="0.22"/>
									<Anchors>
										<Anchor point="LEFT" x="-20" y="0"/>
									</Anchors>
								</Texture>
							</Layer>
						</Layers>
						<Animations>
							<AnimationGroup parentKey="animation" looping="NONE">
								<Alpha duration="0.25" fromAlpha="1" toAlpha="0.6" order="1"/>
								<Alpha duration="0.25" fromAlpha="0.6" toAlpha="1" order="2"/>

								<Alpha childKey="tick" duration="0.2"  fromAlpha="0" toAlpha="1" smoothing="IN" order="1"/>
								<Translation childKey="tick" duration="0.4" offsetX="200" smoothing="IN_OUT" order="1"/>
								<Alpha childKey="tick" duration="0.2" fromAlpha="1" toAlpha="0" smoothing="OUT" order="1" startDelay="0.2"/>
							</AnimationGroup>
						</Animations>
					</EditBox>
				</Frames>
			</Frame>
			<Frame parentKey="editPopup" inherits="TRP3_AltHoveredFrame" hidden="true">
				<Size x="250" y="130"/>
				<Anchors>
					<Anchor point="CENTER" x="0" y="0"/>
				</Anchors>
				<Layers>
					<Layer level="OVERLAY">
						<FontString parentKey="title" text="[placeholder]" inherits="GameFontNormalLarge">
							<Size x="0" y="10"/>
							<Anchors>
								<Anchor point="TOPLEFT" x="0" y="-17"/>
								<Anchor point="TOPRIGHT" x="0" y="-17"/>
							</Anchors>
							<Color b="0.95" r="0.95" g="0.95"/>
						</FontString>
					</Layer>
				</Layers>
				<Frames>
					<Button inherits="UIPanelCloseButton">
						<Anchors>
							<Anchor point="TOPRIGHT" x="-5" y="-5"/>
						</Anchors>
						<Scripts>
							<OnClick>
								self:GetParent():Hide();
							</OnClick>
						</Scripts>
					</Button>
					<EditBox parentKey="input" inherits="InputBoxTemplate" autoFocus="false">
						<Size y="20"/>
						<Anchors>
							<Anchor point="LEFT" x="20"/>
							<Anchor point="RIGHT" x="-20"/>
						</Anchors>
					</EditBox>
					<Button parentKey="button" inherits="TRP3_CommonButton">
						<Size x="120" y="20"/>
						<Anchors>
							<Anchor point="BOTTOM" y="20"/>
						</Anchors>
					</Button>
				</Frames>
			</Frame>
		</Frames>
		<Layers>
			<Layer level="OVERLAY">
				<FontString parentKey="title" text="[placeholder]" inherits="GameFontNormalLarge">
					<Size x="0" y="10"/>
					<Anchors>
						<Anchor point="TOPLEFT" x="0" y="-17"/>
						<Anchor point="TOPRIGHT" x="0" y="-17"/>
					</Anchors>
					<Color b="0.95" r="0.95" g="0.95"/>
				</FontString>
			</Layer>
		</Layers>
	</Frame>


	<Script file="register_mature_filter_dictionary.lua"/>
	<Script file="register_mature_filter.lua"/>

</Ui>
