<Ui xmlns="http://www.blizzard.com/wow/ui/"
	xmlns:xsi="http://www.w3.org/2001/XMLSchema-instance"
	xsi:schemaLocation="http://www.blizzard.com/wow/ui/">

<!--
	Total RP 3
	Copyright 2014 Sylvain Cossement (telkostrasz@telkostrasz.be)

	Licensed under the Apache License, Version 2.0 (the "License");
	you may not use this file except in compliance with the License.
	You may obtain a copy of the License at

		http://www.apache.org/licenses/LICENSE-2.0

	Unless required by applicable law or agreed to in writing, software
	distributed under the License is distributed on an "AS IS" BASIS,
	WITHOUT WARRANTIES OR CONDITIONS OF ANY KIND, either express or implied.
	See the License for the specific language governing permissions and
	limitations under the License.
-->

	<!-- Common icon button  -->
	<Button name="TRP3_MapHereButton" virtual="true">
		<Size x="16" y="16"/>
		<NormalTexture file="Interface\Buttons\UI-HomeButton"/>
		<HighlightTexture alphaMode="ADD" file="Interface\Buttons\UI-Quickslot-Depress"/>
		<Scripts>
			<OnEnter>
				TRP3_RefreshTooltipForFrame(self);
			</OnEnter>
			<OnLeave>
				TRP3_MainTooltip:Hide();
			</OnLeave>
		</Scripts>
	</Button>

	<!-- Register characteristics register line -->
	<Frame name="TRP3_RegisterCharact_MiscEditLine" virtual="true">
		<Size x="20" y="40"/>
		<Frames>
			<Button name="$parentIcon" parentKey="Icon" inherits="TRP3_IconButton">
				<Anchors>
					<Anchor point="LEFT" x="30" y="0"/>
				</Anchors>
				<Scripts>
					<OnClick>
						TRP3_UI_CharacteristicsMiscIconButton(self);
					</OnClick>
				</Scripts>
			</Button>
			<EditBox name="$parentNameField" inherits="TRP3_TitledHelpEditBox">
				<Size x="100" y="18"/>
				<Anchors>
					<Anchor point="LEFT" x="15" y="0" relativePoint="RIGHT" relativeTo="$parentIcon"/>
				</Anchors>
			</EditBox>
			<EditBox name="$parentValueField" inherits="TRP3_TitledHelpEditBox">
				<Size x="0" y="18"/>
				<Anchors>
					<Anchor point="LEFT" x="15" y="0" relativePoint="RIGHT" relativeTo="$parentNameField"/>
					<Anchor point="RIGHT" x="-40" y="0"/>
				</Anchors>
			</EditBox>
			<Button name="$parentDelete" inherits="TRP3_CloseButton">
				<Anchors>
					<Anchor point="LEFT" relativePoint="RIGHT" relativeTo="$parentValueField" x="5" y="0"/>
				</Anchors>
			</Button>
		</Frames>
	</Frame>

	<!-- Register characteristics psycho line jauge -->
	<Frame name="TRP3_RegisterCharact_PsychoInfoLineJauge" virtual="true" inherits="BackdropTemplate">
		<KeyValues>
			<KeyValue key="backdropInfo" value="TRP3_BACKDROP_MIXED_PARCHMENT_TOOLTIP_415_16_5555" type="global"/>
		</KeyValues>
		<Size x="105" y="20"/>
		<Layers>
			<Layer level="OVERLAY">
				<Texture name="$parentDot1" file="Interface\Minimap\OBJECTICONS">
					<Size x="20" y="20"/>
					<Anchors><Anchor point="LEFT" x="5" y="0"/></Anchors>
					<TexCoords left="0" right="0.125" top="0" bottom="0.125"/>
				</Texture>
				<Texture name="$parentDot2" file="Interface\Minimap\OBJECTICONS">
					<Size x="20" y="20"/>
					<Anchors><Anchor point="LEFT" x="-5" y="0" relativePoint="RIGHT" relativeTo="$parentDot1"/></Anchors>
					<TexCoords left="0" right="0.125" top="0" bottom="0.125"/>
				</Texture>
				<Texture name="$parentDot3" file="Interface\Minimap\OBJECTICONS">
					<Size x="20" y="20"/>
					<Anchors><Anchor point="LEFT" x="-5" y="0" relativePoint="RIGHT" relativeTo="$parentDot2"/></Anchors>
					<TexCoords left="0" right="0.125" top="0" bottom="0.125"/>
				</Texture>
				<Texture name="$parentDot4" file="Interface\Minimap\OBJECTICONS">
					<Size x="20" y="20"/>
					<Anchors><Anchor point="LEFT" x="-5" y="0" relativePoint="RIGHT" relativeTo="$parentDot3"/></Anchors>
					<TexCoords left="0" right="0.125" top="0" bottom="0.125"/>
				</Texture>
				<Texture name="$parentDot5" file="Interface\Minimap\OBJECTICONS">
					<Size x="20" y="20"/>
					<Anchors><Anchor point="LEFT" x="-5" y="0" relativePoint="RIGHT" relativeTo="$parentDot4"/></Anchors>
					<TexCoords left="0" right="0.125" top="0" bottom="0.125"/>
				</Texture>
				<Texture name="$parentDot6" file="Interface\Minimap\OBJECTICONS">
					<Size x="20" y="20"/>
					<Anchors><Anchor point="LEFT" x="-5" y="0" relativePoint="RIGHT" relativeTo="$parentDot5"/></Anchors>
					<TexCoords left="0" right="0.125" top="0" bottom="0.125"/>
				</Texture>
			</Layer>
		</Layers>
	</Frame>

	<StatusBar name="TRP3_RegisterCharact_PsychoInfoLineBar" virtual="true">
		<Size x="105" y="14"/>
		<Anchors>
			<Anchor point="CENTER"/>
		</Anchors>
		<Layers>
			<Layer level="BACKGROUND">
				<Texture parentKey="Background">
					<Anchors>
						<Anchor point="TOPLEFT"/>
						<Anchor point="BOTTOMRIGHT"/>
					</Anchors>
					<Color r="0" g="0" b="0" a=".4"/>
				</Texture>
			</Layer>
			<Layer level="ARTWORK">
				<Texture parentKey="BorderLeft" file="Interface\AchievementFrame\UI-Achievement-ProgressBar-Border">
					<Size x="16" y="0"/>
					<Anchors>
						<Anchor point="TOPLEFT" x="-6" y="5"/>
						<Anchor point="BOTTOMLEFT" x="-6" y="-5"/>
					</Anchors>
					<TexCoords left="0" right="0.0625" top="0" bottom="0.75"/>
				</Texture>
				<Texture parentKey="BorderRight" file="Interface\AchievementFrame\UI-Achievement-ProgressBar-Border">
					<Size x="16" y="0"/>
					<Anchors>
						<Anchor point="TOPRIGHT" x="6" y="5"/>
						<Anchor point="BOTTOMRIGHT" x="6" y="-5"/>
					</Anchors>
					<TexCoords left="0.812" right="0.8745" top="0" bottom="0.75"/>
				</Texture>
				<Texture parentKey="BorderCenter" file="Interface\AchievementFrame\UI-Achievement-ProgressBar-Border">
					<Size x="16"/>
					<Anchors>
						<Anchor point="TOPLEFT" relativeKey="$parent.BorderLeft" relativePoint="TOPRIGHT"/>
						<Anchor point="BOTTOMRIGHT" relativeKey="$parent.BorderRight" relativePoint="BOTTOMLEFT"/>
					</Anchors>
					<TexCoords left="0.0625" right="0.812" top="0" bottom="0.75"/>
				</Texture>
			</Layer>
			<Layer level="BORDER" textureSubLevel="-1">
				<Texture parentKey="OppositeFill" file="Interface\TargetingFrame\UI-StatusBar" hWrapMode="REPEAT">
					<Anchors>
						<Anchor point="TOPLEFT"/>
						<Anchor point="BOTTOMRIGHT"/>
					</Anchors>
					<Color r="1" g="0" b="0"/>
				</Texture>
			</Layer>
		</Layers>
		<Scripts>
			<OnLoad>
				local barTexture = self:GetStatusBarTexture();
				barTexture:SetDrawLayer("BORDER", 1);
			</OnLoad>
		</Scripts>
		<BarTexture file="Interface\TargetingFrame\UI-StatusBar"/>
	</StatusBar>

	<!-- Register characteristics psycho display line -->
	<Frame name="TRP3_RegisterCharact_PsychoInfoDisplayLine" virtual="true">
		<Size x="0" y="40"/>
		<Frames>
			<StatusBar name="$parentBar" parentKey="Bar" inherits="TRP3_RegisterCharact_PsychoInfoLineBar">
				<Anchors>
					<Anchor point="CENTER" x="0" y="0"/>
				</Anchors>
			</StatusBar>
		</Frames>
		<Layers>
			<Layer level="ARTWORK">
				<Texture name="$parentJaugeLeftIcon" parentKey="LeftIcon" file="Interface\ICONS\INV_Misc_QuestionMark">
					<Size x="30" y="30"/>
					<Anchors>
						<Anchor point="RIGHT" relativePoint="LEFT" x="-7" y="0" relativeKey="$parent.Bar"/>
					</Anchors>
					<KeyValues>
						<KeyValue key="HideOnCustom" value="true" type="boolean"/>
					</KeyValues>
				</Texture>
				<Texture name="$parentJaugeRightIcon" parentKey="RightIcon" file="Interface\ICONS\INV_Misc_QuestionMark">
					<Size x="30" y="30"/>
					<Anchors>
						<Anchor point="LEFT" relativePoint="RIGHT" x="7" y="0" relativeKey="$parent.Bar"/>
					</Anchors>
					<KeyValues>
						<KeyValue key="HideOnCustom" value="true" type="boolean"/>
					</KeyValues>
				</Texture>
			</Layer>
			<Layer level="OVERLAY">
				<FontString name="$parentLeftText" parentKey="LeftText" text="[left text]" inherits="GameFontNormal" justifyH="RIGHT">
					<Size x="0" y="10"/>
					<Anchors>
						<Anchor point="RIGHT" relativePoint="LEFT" x="-5" y="0" relativeKey="$parent.LeftIcon"/>
						<Anchor point="LEFT" x="0" y="0"/>
					</Anchors>
					<Color r="1" g="1" b="0.4"/>
					<KeyValues>
						<KeyValue key="HideOnCustom" value="true" type="boolean"/>
					</KeyValues>
				</FontString>
				<FontString name="$parentRightText" parentKey="RightText" text="[right text]" inherits="GameFontNormal" justifyH="LEFT">
					<Size x="0" y="10"/>
					<Anchors>
						<Anchor point="LEFT" relativePoint="RIGHT" x="5" y="0" relativeKey="$parent.RightIcon"/>
						<Anchor point="RIGHT" x="-8" y="0"/>
					</Anchors>
					<Color r="0.55" g="0.55" b="0.95"/>
					<KeyValues>
						<KeyValue key="HideOnCustom" value="true" type="boolean"/>
					</KeyValues>
				</FontString>

				<FontString inherits="NumberFontNormal" parentKey="LeftCount" hidden="true">
					<Anchors>
						<Anchor point="BOTTOMRIGHT" relativeKey="$parent.LeftIcon" x="-1" y="1"/>
					</Anchors>
					<KeyValues>
						<KeyValue key="HideOnCustom" value="true" type="boolean"/>
					</KeyValues>
				</FontString>
				<FontString inherits="NumberFontNormal" parentKey="RightCount" hidden="true">
					<Anchors>
						<Anchor point="BOTTOMRIGHT" relativeKey="$parent.RightIcon" x="-1" y="1"/>
					</Anchors>
					<KeyValues>
						<KeyValue key="HideOnCustom" value="true" type="boolean"/>
					</KeyValues>
				</FontString>
			</Layer>
		</Layers>
		<Scripts>
			<OnEnter>
				TRP3_API.register.togglePsychoCountText(self, true);
			</OnEnter>
			<OnLeave>
				TRP3_API.register.togglePsychoCountText(self, false);
			</OnLeave>
		</Scripts>
	</Frame>

	<!-- Register characteristics psycho edit line -->
	<Frame name="TRP3_RegisterCharact_PsychoInfoEditLine" inherits="TRP3_RegisterCharact_PsychoInfoDisplayLine" virtual="true">
		<Size x="0" y="40"/>
		<Frames>
			<Slider name="$parentBarSlider" parentKey="Slider" orientation="HORIZONTAL" enableMouse="true" valueStep="1" obeyStepOnDrag="true">
				<Anchors>
					<Anchor point="TOPLEFT" relativeKey="$parent.Bar" x="-16"/>
					<Anchor point="BOTTOMRIGHT" relativeKey="$parent.Bar" x="16"/>
				</Anchors>
				<HitRectInsets left="12" right="12" top="0" bottom="0" />
				<ThumbTexture parentKey="Thumb" file="Interface\Buttons\UI-SliderBar-Button-Horizontal">
					<Size>
						<AbsDimension x="32" y="32"/>
					</Size>
				</ThumbTexture>
				<Scripts>
					<OnLoad>
						-- Ensure we stick the slider on top of the bar.
						self:SetFrameLevel(self:GetParent().Bar:GetFrameLevel() + 1);
					</OnLoad>
				</Scripts>
			</Slider>

			<Button name="$parentLeftIcon" parentKey="CustomLeftIcon" inherits="TRP3_IconButton">
				<Anchors>
					<Anchor point="RIGHT" relativeKey="$parent.LeftIcon" x="-2" />
				</Anchors>
				<Layers>
					<Layer level="OVERLAY">
						<FontString inherits="NumberFontNormal" parentKey="Count">
							<Anchors>
								<Anchor point="BOTTOMRIGHT" x="-1" y="1"/>
							</Anchors>
						</FontString>
					</Layer>
				</Layers>
				<KeyValues>
					<KeyValue key="HideOnPreset" value="true" type="boolean"/>
				</KeyValues>
			</Button>
			<Button name="$parentRightIcon" parentKey="CustomRightIcon" inherits="TRP3_IconButton">
				<Anchors>
					<Anchor point="LEFT" relativeKey="$parent.RightIcon" x="2" />
				</Anchors>
				<Layers>
					<Layer level="OVERLAY">
						<FontString inherits="NumberFontNormal" parentKey="Count">
							<Anchors>
								<Anchor point="BOTTOMRIGHT" x="-1" y="1"/>
							</Anchors>
						</FontString>
					</Layer>
				</Layers>
				<KeyValues>
					<KeyValue key="HideOnPreset" value="true" type="boolean"/>
				</KeyValues>
			</Button>

			<Button name="$parentCustomLeftColor" parentKey="CustomLeftColor" inherits="TRP3_ColorPickerButton">
				<Anchors>
					<Anchor point="LEFT" relativeKey="$parent" relativePoint="LEFT" x="22" y="0" />
				</Anchors>
				<KeyValues>
					<KeyValue key="HideOnPreset" value="true" type="boolean"/>
				</KeyValues>
			</Button>
			<Button name="$parentCustomRightColor" parentKey="CustomRightColor" inherits="TRP3_ColorPickerButton">
				<Anchors>
					<Anchor point="RIGHT" relativeKey="$parent" relativePoint="RIGHT" x="-22" y="0" />
				</Anchors>
				<KeyValues>
					<KeyValue key="HideOnPreset" value="true" type="boolean"/>
				</KeyValues>
			</Button>

			<EditBox name="$parentLeftField" parentKey="CustomLeftField" inherits="TRP3_TitledEditBox">
				<Size x="0" y="18"/>
				<Anchors>
					<Anchor point="RIGHT" relativeKey="$parent.CustomLeftIcon" relativePoint="LEFT" x="-12" y="0"/>
					<Anchor point="LEFT" relativeKey="$parent.CustomLeftColor" relativePoint="RIGHT" x="12" y="0"/>
				</Anchors>
				<KeyValues>
					<KeyValue key="HideOnPreset" value="true" type="boolean"/>
				</KeyValues>
			</EditBox>
			<EditBox name="$parentRightField" parentKey="CustomRightField" inherits="TRP3_TitledEditBox">
				<Size x="0" y="18"/>
				<Anchors>
					<Anchor point="LEFT" relativeKey="$parent.CustomRightIcon" relativePoint="RIGHT" x="12" y="0"/>
					<Anchor point="RIGHT" relativeKey="$parent.CustomRightColor" relativePoint="LEFT" x="-12" y="0"/>
				</Anchors>
				<KeyValues>
					<KeyValue key="HideOnPreset" value="true" type="boolean"/>
				</KeyValues>
			</EditBox>

			<Button name="$parentDelete" parentKey="DeleteButton" inherits="TRP3_CloseButton">
				<Anchors>
					<Anchor point="RIGHT" relativeKey="$parent" relativePoint="RIGHT" x="10" y="0"/>
				</Anchors>
			</Button>
		</Frames>
	</Frame>

	<!-- Register characteristics register line -->
	<Frame name="TRP3_RegisterCharact_RegisterInfoLine" virtual="true">
		<Size x="0" y="30"/>
		<Layers>
			<Layer level="ARTWORK">
				<Texture parentKey="Icon" file="Interface\ICONS\INV_Misc_QuestionMark">
					<Size x="16" y="16"/>
					<Anchors>
						<Anchor point="LEFT" x="15" y="0"/>
					</Anchors>
				</Texture>
			</Layer>
		</Layers>
		<Frames>
			<Frame parentKey="Name" inherits="TRP3_TruncatedTextTemplate">
				<KeyValues>
					<KeyValue key="fontStringTemplate" value="GameFontNormal"/>
					<KeyValue key="fontStringJustifyH" value="LEFT"/>
				</KeyValues>
				<Size x="135" y="10"/>
				<Anchors>
					<Anchor point="LEFT" x="35" y="0"/>
				</Anchors>
			</Frame>
			<Frame parentKey="Value" inherits="TRP3_TruncatedTextTemplate">
				<KeyValues>
					<KeyValue key="fontStringTemplate" value="GameFontHighlight"/>
					<KeyValue key="fontStringJustifyH" value="LEFT"/>
				</KeyValues>
				<Size x="0" y="10"/>
				<Anchors>
					<Anchor point="LEFT" relativeKey="$parent.Name" relativePoint="RIGHT" x="15" y="0"/>
					<Anchor point="RIGHT" x="0" y="0"/>
				</Anchors>
			</Frame>
		</Frames>
	</Frame>

	<!-- Register characteristics panel -->
	<Frame name="TRP3_RegisterCharactTemplate" virtual="true" inherits="BackdropTemplate">
		<KeyValues>
			<KeyValue key="backdropInfo" value="TRP3_BACKDROP_TOOLTIP_0_24" type="global"/>
		</KeyValues>
		<Layers>
			<Layer level="BACKGROUND">
				<Texture file="Interface\SPELLBOOK\Spellbook-Page-1">
					<Anchors>
						<Anchor point="TOPRIGHT" x="-5" y="-2"/>
						<Anchor point="BOTTOMRIGHT" x="-5" y="-2"/>
						<Anchor point="LEFT" x="5" y="0"/>
					</Anchors>
					<TexCoords left="0.07" right="1" top="0" bottom="0.975" />
				</Texture>
			</Layer>
		</Layers>
		<Frames>
			<!-- CONSULT MODE -->
			<Frame name="TRP3_RegisterCharact_NamePanel" inherits="TRP3_FieldSetFrame">
				<Size x="0" y="70"/>
				<Anchors>
					<Anchor point="TOP" x="0" y="-20"/>
					<Anchor point="LEFT" x="10" y="0"/>
					<Anchor point="RIGHT" x="-95" y="0"/>
				</Anchors>
				<Frames>
					<Frame name="TRP3_RegisterCharact_NamePanel_Icon" inherits="TRP3_SimpleIcon">
						<Size x="40" y="40"/>
						<Anchors>
							<Anchor point="LEFT" x="15" y="-2"/>
						</Anchors>
					</Frame>
					<Button name="TRP3_RegisterCharact_NamePanel_EditButton" inherits="TRP3_CommonButton">
						<Size x="75" y="20"/>
						<Anchors>
							<Anchor point="TOPLEFT" relativePoint="TOPRIGHT" x="5" y="-5"/>
						</Anchors>
					</Button>
				</Frames>
				<Layers>
					<Layer level="OVERLAY">
						<FontString name="TRP3_RegisterCharact_NamePanel_Name" text="[Name and titles]" inherits="GameFontNormalLarge" justifyH="LEFT">
							<Size x="0" y="15"/>
							<Anchors>
								<Anchor point="LEFT" relativePoint="RIGHT" x="10" y="10" relativeTo="TRP3_RegisterCharact_NamePanel_Icon"/>
								<Anchor point="RIGHT" x="-10" y="0"/>
							</Anchors>
							<Color b="0.95" r="0.95" g="0.95"/>
						</FontString>
						<FontString name="TRP3_RegisterCharact_NamePanel_Title" text="[Complete subtitle]" inherits="GameFontNormal" justifyH="LEFT">
							<Size x="0" y="15"/>
							<Anchors>
								<Anchor point="TOPLEFT" relativePoint="BOTTOMLEFT" x="0" y="-5" relativeTo="TRP3_RegisterCharact_NamePanel_Name"/>
								<Anchor point="RIGHT" x="-10" y="0"/>
							</Anchors>
							<Color b="0.1" r="0.95" g="0.60"/>
						</FontString>
					</Layer>
				</Layers>
			</Frame>
			<Frame name="TRP3_RegisterCharact_CharactPanel" inherits="TRP3_FieldSetFrame">
				<Anchors>
					<Anchor point="TOP" relativePoint="BOTTOM" relativeTo="TRP3_RegisterCharact_NamePanel" x="0" y="-20"/>
					<Anchor point="LEFT" x="10" y="0"/>
					<Anchor point="RIGHT" x="-10" y="0"/>
					<Anchor point="BOTTOM" x="0" y="10"/>
				</Anchors>
				<Layers>
					<Layer level="OVERLAY">
						<FontString name="TRP3_RegisterCharact_CharactPanel_Empty" inherits="GameFontNormalLarge" justifyH="LEFT" text="[EMPTY]">
							<Size x="0" y="10"/>
							<Anchors>
								<Anchor point="CENTER" x="0" y="0"/>
							</Anchors>
							<Color r="0.95" g="0.95" b="0.95"/>
						</FontString>
					</Layer>
				</Layers>
				<Frames>
					<ScrollFrame name="TRP3_RegisterCharact_CharactPanel_Scroll" inherits="UIPanelScrollFrameTemplate">
						<Anchors>
							<Anchor point="TOPLEFT" x="10" y="-11"/>
							<Anchor point="BOTTOMRIGHT" x="-28" y="9"/>
						</Anchors>
						<ScrollChild>
							<Frame name="TRP3_RegisterCharact_CharactPanel_Container">
								<Layers>
									<Layer level="OVERLAY">
										<FontString name="TRP3_RegisterCharact_CharactPanel_RegisterTitle" inherits="GameFontNormalLarge" justifyH="LEFT" >
											<Size x="0" y="50"/>
											<Anchors>
												<Anchor point="TOPLEFT" x="10" y="0"/>
											</Anchors>
											<Color r="0.95" g="0.95" b="0.95"/>
										</FontString>
										<FontString name="TRP3_RegisterCharact_CharactPanel_PsychoTitle" inherits="GameFontNormalLarge" justifyH="LEFT" >
											<Size x="0" y="50"/>
											<Color r="0.95" g="0.95" b="0.95"/>
										</FontString>
										<FontString name="TRP3_RegisterCharact_CharactPanel_MiscTitle" inherits="GameFontNormalLarge" justifyH="LEFT" >
											<Size x="0" y="50"/>
											<Color r="0.95" g="0.95" b="0.95"/>
										</FontString>
									</Layer>
								</Layers>
								<Frames>
									<Button name="TRP3_RegisterCharact_CharactPanel_ResidenceButton" inherits="TRP3_MapHereButton"/>
								</Frames>
							</Frame>
						</ScrollChild>
					</ScrollFrame>
				</Frames>
			</Frame>
			<Button name="TRP3_RegisterCharact_ActionButton" inherits="TRP3_IconButton">
				<Anchors>
					<Anchor point="TOP" relativePoint="BOTTOM" relativeTo="TRP3_RegisterCharact_NamePanel_EditButton" x="0" y="5"/>
				</Anchors>
			</Button>

			<!-- EDIT MODE -->
			<Frame name="TRP3_RegisterCharact_Edit_NamePanel" inherits="TRP3_FieldSetFrame">
				<Size x="0" y="70"/>
				<Anchors>
					<Anchor point="TOP" x="0" y="-20"/>
					<Anchor point="LEFT" x="10" y="0"/>
					<Anchor point="RIGHT" x="-95" y="0"/>
				</Anchors>
				<Frames>
					<Button name="TRP3_RegisterCharact_Edit_NamePanel_Icon" inherits="TRP3_IconButton">
						<Anchors>
							<Anchor point="LEFT" x="20" y="-2"/>
						</Anchors>
					</Button>
					<Button name="TRP3_RegisterCharact_NamePanel_Edit_SaveButton" inherits="TRP3_CommonButton">
						<Size x="75" y="20"/>
						<Anchors>
							<Anchor point="LEFT" relativePoint="RIGHT" x="5" y="15"/>
						</Anchors>
					</Button>
					<Button name="TRP3_RegisterCharact_NamePanel_Edit_CancelButton" inherits="TRP3_CommonButton">
						<Size x="75" y="20"/>
						<Anchors>
							<Anchor point="TOP" x="0" y="-5" relativePoint="BOTTOM" relativeTo="TRP3_RegisterCharact_NamePanel_Edit_SaveButton"/>
						</Anchors>
					</Button>
					<EditBox name="TRP3_RegisterCharact_Edit_FirstField" inherits="TRP3_TitledHelpEditBox">
						<Anchors>
							<Anchor point="TOP" x="20" y="-18"/>
						</Anchors>
					</EditBox>
					<EditBox name="TRP3_RegisterCharact_Edit_TitleField" inherits="TRP3_TitledHelpEditBox">
						<Anchors>
							<Anchor point="TOP" x="0" y="-18"/>
							<Anchor point="LEFT" x="20" y="0" relativePoint="RIGHT" relativeTo="TRP3_RegisterCharact_Edit_NamePanel_Icon"/>
							<Anchor point="RIGHT" relativePoint="LEFT" relativeTo="TRP3_RegisterCharact_Edit_FirstField" x="-14" y="0"/>
						</Anchors>
					</EditBox>
					<EditBox name="TRP3_RegisterCharact_Edit_LastField" inherits="TRP3_TitledHelpEditBox">
						<Anchors>
							<Anchor point="LEFT" x="14" y="0" relativePoint="RIGHT" relativeTo="TRP3_RegisterCharact_Edit_FirstField"/>
							<Anchor point="RIGHT" x="-20" y="0"/>
						</Anchors>
					</EditBox>
					<EditBox name="TRP3_RegisterCharact_Edit_FullTitleField" inherits="TRP3_TitledHelpEditBox">
						<Anchors>
							<Anchor point="TOPLEFT" x="0" y="-5" relativePoint="BOTTOMLEFT" relativeTo="TRP3_RegisterCharact_Edit_TitleField"/>
							<Anchor point="RIGHT" x="-20" y="0"/>
						</Anchors>
					</EditBox>
				</Frames>
			</Frame>
			<Frame name="TRP3_RegisterCharact_Edit_CharactPanel" inherits="TRP3_FieldSetFrame">
				<Size x="0" y="70"/>
				<Anchors>
					<Anchor point="TOPLEFT" x="0" y="-10" relativePoint="BOTTOMLEFT" relativeTo="TRP3_RegisterCharact_Edit_NamePanel"/>
					<Anchor point="BOTTOM" x="0" y="10"/>
					<Anchor point="RIGHT" x="-10" y="0"/>
				</Anchors>
				<Frames>
					<ScrollFrame name="TRP3_RegisterCharact_Edit_CharactPanel_Scroll" inherits="UIPanelScrollFrameTemplate">
						<Anchors>
							<Anchor point="TOPLEFT" x="10" y="-11"/>
							<Anchor point="BOTTOMRIGHT" x="-28" y="9"/>
						</Anchors>
						<ScrollChild>
							<Frame name="TRP3_RegisterCharact_Edit_CharactPanel_Container">
								<Layers>
									<Layer level="OVERLAY">
										<FontString name="TRP3_RegisterCharact_CharactPanel_Edit_RegisterTitle" inherits="GameFontNormalLarge" justifyH="LEFT" >
											<Size x="0" y="50"/>
											<Anchors>
												<Anchor point="TOPLEFT" x="10" y="0"/>
												<Anchor point="RIGHT" x="-10" y="0"/>
											</Anchors>
											<Color r="0.95" g="0.95" b="0.95"/>
										</FontString>
										<FontString name="TRP3_RegisterCharact_CharactPanel_Edit_MiscTitle" inherits="GameFontNormalLarge" justifyH="LEFT" >
											<Size x="0" y="50"/>
											<Anchors>
												<Anchor point="TOPLEFT" x="10" y="-185"/>
												<Anchor point="RIGHT" x="-10" y="0"/>
											</Anchors>
											<Color r="0.95" g="0.95" b="0.95"/>
										</FontString>
										<FontString name="TRP3_RegisterCharact_CharactPanel_Edit_PsychoTitle" inherits="GameFontNormalLarge" justifyH="LEFT" >
											<Size x="0" y="50"/>
											<Color r="0.95" g="0.95" b="0.95"/>
										</FontString>
									</Layer>
								</Layers>
								<Frames>
									<Frame name="TRP3_RegisterCharact_CharactPanel_Edit_RegisterPoint">
										<Size x="10" y="10"/>
										<Anchors>
											<Anchor point="CENTER" x="0" y="0"/>
										</Anchors>
									</Frame>
									<EditBox name="TRP3_RegisterCharact_Edit_RaceField" inherits="TRP3_TitledHelpEditBox">
										<Size x="0" y="18"/>
										<Anchors>
											<Anchor point="TOPLEFT" x="10" y="-5" relativePoint="BOTTOMLEFT" relativeTo="TRP3_RegisterCharact_CharactPanel_Edit_RegisterTitle"/>
											<Anchor point="RIGHT" x="0" y="0" relativePoint="LEFT" relativeTo="TRP3_RegisterCharact_CharactPanel_Edit_RegisterPoint"/>
										</Anchors>
									</EditBox>
									<EditBox name="TRP3_RegisterCharact_Edit_ClassField" inherits="TRP3_TitledHelpEditBox">
										<Size x="170" y="18"/>
										<Anchors>
											<Anchor point="LEFT" x="25" y="0" relativePoint="RIGHT" relativeTo="TRP3_RegisterCharact_Edit_RaceField"/>
											<Anchor point="RIGHT" x="-40" y="0"/>
										</Anchors>
									</EditBox>
									<Button name="TRP3_RegisterCharact_Edit_ClassButton" inherits="TRP3_ColorPickerButton">
										<Anchors>
											<Anchor point="LEFT" x="15" y="0" relativePoint="RIGHT" relativeTo="TRP3_RegisterCharact_Edit_ClassField"/>
										</Anchors>
									</Button>
									<EditBox name="TRP3_RegisterCharact_Edit_AgeField" inherits="TRP3_TitledHelpEditBox">
										<Size x="200" y="18"/>
										<Anchors>
											<Anchor point="TOPLEFT" x="0" y="-5" relativePoint="BOTTOMLEFT" relativeTo="TRP3_RegisterCharact_Edit_RaceField"/>
											<Anchor point="RIGHT" x="0" y="0" relativePoint="LEFT" relativeTo="TRP3_RegisterCharact_CharactPanel_Edit_RegisterPoint"/>
										</Anchors>
									</EditBox>
									<EditBox name="TRP3_RegisterCharact_Edit_EyeField" inherits="TRP3_TitledHelpEditBox">
										<Size x="170" y="18"/>
										<Anchors>
											<Anchor point="TOPLEFT" x="0" y="-5" relativePoint="BOTTOMLEFT" relativeTo="TRP3_RegisterCharact_Edit_AgeField"/>
											<Anchor point="RIGHT" x="-30" y="0" relativePoint="LEFT" relativeTo="TRP3_RegisterCharact_CharactPanel_Edit_RegisterPoint"/>
										</Anchors>
									</EditBox>
									<Button name="TRP3_RegisterCharact_Edit_EyeButton" inherits="TRP3_ColorPickerButton">
										<Anchors>
											<Anchor point="LEFT" x="15" y="0" relativePoint="RIGHT" relativeTo="TRP3_RegisterCharact_Edit_EyeField"/>
										</Anchors>
									</Button>
									<EditBox name="TRP3_RegisterCharact_Edit_HeightField" inherits="TRP3_TitledHelpEditBox">
										<Size x="200" y="18"/>
										<Anchors>
											<Anchor point="TOPLEFT" x="0" y="-5" relativePoint="BOTTOMLEFT" relativeTo="TRP3_RegisterCharact_Edit_EyeField"/>
											<Anchor point="RIGHT" x="0" y="0" relativePoint="LEFT" relativeTo="TRP3_RegisterCharact_CharactPanel_Edit_RegisterPoint"/>
										</Anchors>
									</EditBox>
									<Frame name="TRP3_RegisterCharact_Dropdown_RelationshipField" inherits="TRP3_TitledDropdown">
										<Anchors>
											<Anchor point="TOPLEFT" x="-22" y="-5" relativePoint="BOTTOMLEFT" relativeTo="TRP3_RegisterCharact_Edit_HeightField"/>
											<Anchor point="RIGHT" x="-22" y="0" relativePoint="LEFT" relativeTo="TRP3_RegisterCharact_CharactPanel_Edit_RegisterPoint"/>
										</Anchors>
									</Frame>
									<EditBox name="TRP3_RegisterCharact_Edit_ResidenceField" inherits="TRP3_TitledHelpEditBox">
										<Size x="170" y="18"/>
										<Anchors>
											<Anchor point="TOPLEFT" x="0" y="-5" relativePoint="BOTTOMLEFT" relativeTo="TRP3_RegisterCharact_Edit_ClassField"/>
											<Anchor point="RIGHT" x="-40" y="0"/>
										</Anchors>
									</EditBox>
									<Button name="TRP3_RegisterCharact_Edit_ResidenceButton" inherits="TRP3_MapHereButton">
										<Anchors>
											<Anchor point="LEFT" x="15" y="0" relativePoint="RIGHT" relativeTo="TRP3_RegisterCharact_Edit_ResidenceField"/>
										</Anchors>
									</Button>
									<EditBox name="TRP3_RegisterCharact_Edit_BirthplaceField" inherits="TRP3_TitledHelpEditBox">
										<Size x="170" y="18"/>
										<Anchors>
											<Anchor point="TOPLEFT" x="0" y="-5" relativePoint="BOTTOMLEFT" relativeTo="TRP3_RegisterCharact_Edit_ResidenceField"/>
											<Anchor point="RIGHT" x="-40" y="0"/>
										</Anchors>
									</EditBox>
									<Button name="TRP3_RegisterCharact_Edit_BirthplaceButton" inherits="TRP3_MapHereButton">
										<Anchors>
											<Anchor point="LEFT" x="15" y="0" relativePoint="RIGHT" relativeTo="TRP3_RegisterCharact_Edit_BirthplaceField"/>
										</Anchors>
									</Button>
									<EditBox name="TRP3_RegisterCharact_Edit_WeightField" inherits="TRP3_TitledHelpEditBox">
										<Size x="200" y="18"/>
										<Anchors>
											<Anchor point="TOPLEFT" x="0" y="-5" relativePoint="BOTTOMLEFT" relativeTo="TRP3_RegisterCharact_Edit_BirthplaceField"/>
											<Anchor point="RIGHT" x="-10" y="0"/>
										</Anchors>
									</EditBox>
									<Button name="TRP3_RegisterCharact_Edit_MiscAdd" inherits="TRP3_CommonButton">
										<Size x="220" y="20"/>
									</Button>
									<Button name="TRP3_RegisterCharact_Edit_PsychoAdd" inherits="TRP3_CommonButton">
										<Size x="220" y="20"/>
									</Button>
								</Frames>
							</Frame>
						</ScrollChild>
					</ScrollFrame>
				</Frames>
			</Frame>
		</Frames>
	</Frame>

</Ui>
