<Ui xmlns="http://www.blizzard.com/wow/ui/" xmlns:xsi="http://www.w3.org/2001/XMLSchema-instance"
	xsi:schemaLocation="http://www.blizzard.com/wow/ui/">

	<!--
		Total RP 3
		Copyright 2014-2019 Morgane "Ellypse" Parize <ellypse@totalrp3.info> @EllypseCelwe

		Licensed under the Apache License, Version 2.0 (the "License");
		you may not use this file except in compliance with the License.
		You may obtain a copy of the License at

			http://www.apache.org/licenses/LICENSE-2.0

		Unless required by applicable law or agreed to in writing, software
		distributed under the License is distributed on an "AS IS" BASIS,
		WITHOUT WARRANTIES OR CONDITIONS OF ANY KIND, either express or implied.
		See the License for the specific language governing permissions and
		limitations under the License.
	-->

	<Script file="ChatLinkActionButton.lua"/>
	<Script file="ChatLinkTooltip.lua"/>

	<Button name="TRP3_ChatLinkActionButton" inherits="UIPanelButtonTemplate" virtual="true" hidden="true" mixin="TRP3_ChatLinkActionButtonMixin">
		<Size x="100" y="20"/>
		<Scripts>
			<OnLoad method="OnLoad" />
			<OnClick method="OnClick" />
		</Scripts>
	</Button>

	<GameTooltip name="TRP3_RefTooltip" inherits="TRP3_TooltipTemplate" parent="UIParent" enableMouse="true" toplevel="true" movable="true" frameStrata="TOOLTIP" hidden="true" mixin="TRP3_ChatLinkTooltipMixin">
		<Size>
			<AbsDimension x="128" y="64"/>
		</Size>
		<Anchors>
			<Anchor point="BOTTOM">
				<Offset>
					<AbsDimension x="0" y="80"/>
				</Offset>
			</Anchor>
		</Anchors>
		<Frames>
			<Button>
				<Size>
					<AbsDimension x="32" y="32"/>
				</Size>
				<Anchors>
					<Anchor point="TOPRIGHT">
						<Offset>
							<AbsDimension x="1" y="0"/>
						</Offset>
					</Anchor>
				</Anchors>
				<Scripts>
					<OnClick>
						TRP3_RefTooltip:Hide();
					</OnClick>
				</Scripts>
				<NormalTexture file="Interface\Buttons\UI-Panel-MinimizeButton-Up"/>
				<PushedTexture file="Interface\Buttons\UI-Panel-MinimizeButton-Down"/>
				<HighlightTexture file="Interface\Buttons\UI-Panel-MinimizeButton-Highlight" alphaMode="ADD"/>
			</Button>

			<Button parentKey="Button1" inherits="TRP3_ChatLinkActionButton">
				<Anchors>
					<Anchor point="BOTTOM" y="5"/>
				</Anchors>
			</Button>
			<Button parentKey="Button2" inherits="TRP3_ChatLinkActionButton">
				<Anchors>
					<Anchor relativeKey="$parent.Button1" point="BOTTOM" y="20"/>
				</Anchors>
			</Button>
			<Button parentKey="Button3" inherits="TRP3_ChatLinkActionButton">
				<Anchors>
					<Anchor relativeKey="$parent.Button2" relativePoint="TOP" point="BOTTOM" y="8"/>
				</Anchors>
			</Button>
			<Button parentKey="Button4" inherits="TRP3_ChatLinkActionButton">
				<Anchors>
					<Anchor relativeKey="$parent.Button3" relativePoint="TOP" point="BOTTOM" y="8"/>
				</Anchors>
			</Button>
			<Button parentKey="Button5" inherits="TRP3_ChatLinkActionButton">
				<Anchors>
					<Anchor relativeKey="$parent.Button4" relativePoint="TOP" point="BOTTOM" y="8"/>
				</Anchors>
			</Button>
		</Frames>
		<Scripts>
			<OnLoad method="OnLoad" inherit="prepend" />
			<OnUpdate method="OnUpdate" />
		</Scripts>
	</GameTooltip>

	<Script file="ChatLink.lua"/>
	<Script file="ChatLinkModule.lua"/>
	<Script file="ChatLinks.lua"/>
	<Script file="ChatLinkTooltipLines.lua"/>
	<Script file="ChatLinksManager.lua"/>

</Ui>
