<Ui xmlns="http://www.blizzard.com/wow/ui/">
  <Frame
    name="AuctionatorFilterKeySelectorTemplate"
    inherits="UIDropDownMenuTemplate"
    mixin="AuctionatorFilterKeySelectorMixin"
    virtual="true"
  >
    <Size x="150" y="32"/>

    <Scripts>
      <OnLoad method="OnLoad"/>
    </Scripts>

    <Frames>
      <Button parentKey="ResetButton" inherits="AuctionatorResetButton">
        <Anchors>
          <Anchor point="TOPLEFT" relativeKey="$parent" relativePoint="TOPRIGHT" x="-11" y="-6"/>
        </Anchors>
      </Button>
    </Frames>
  </Frame>
</Ui>