<Ui xmlns="http://www.blizzard.com/wow/ui/">
	<Include file="Libs\LibStub\LibStub.lua"/>
	<Include file="Libs\CallbackHandler-1.0\CallbackHandler-1.0.xml"/>
	<Include file="Libs\ChatThrottleLib\ChatThrottleLib.xml"/>

	<Include file="Internal.lua"/>
	<Include file="Public.lua"/>
	<Include file="StringManip.lua"/>
	<Include file="CTLCompat.lua"/>

	<Script>
		local Chomp = LibStub:GetLibrary("Chomp", true)
		local Internal = Chomp and Chomp.Internal or nil

		if Chomp and Internal then
			Internal.LOADING = nil
		end
	</Script>
</Ui>
