<Ui xmlns="http://www.blizzard.com/wow/ui/"
	xmlns:xsi="http://www.w3.org/2001/XMLSchema-instance"
	xsi:schemaLocation="http://www.blizzard.com/wow/ui/">

	<!--
		Total RP 3

		Copyright 2018 Daniel "Meorawr" Yates <me@meorawr.io>

		Licensed under the Apache License, Version 2.0 (the "License");
		you may not use this file except in compliance with the License.
		You may obtain a copy of the License at

			http://www.apache.org/licenses/LICENSE-2.0

		Unless required by applicable law or agreed to in writing, software
		distributed under the License is distributed on an "AS IS" BASIS,
		WITHOUT WARRANTIES OR CONDITIONS OF ANY KIND, either express or implied.
		See the License for the specific language governing permissions and
		limitations under the License.
	-->
	<Script file="TabFrame.lua"/>

	<Frame name="TRP3_DashboardTabFrame" mixin="TRP3_DashboardTabFrameMixin" virtual="true" inherits="BackdropTemplate">
		<KeyValues>
			<KeyValue key="backdropInfo" value="TRP3_BACKDROP_MIXED_DIALOG_TOOLTIP_0_16_5555" type="global"/>
		</KeyValues>
		<Frames>
			<Frame parentKey="TabBar" frameLevel="1">
				<Size x="400" y="30"/>
				<Anchors>
					<!-- FIXME: This should be part of the frame, not outside of it. -->
					<Anchor point="TOPLEFT" x="17" y="30"/>
				</Anchors>
			</Frame>
			<ScrollFrame parentKey="ScrollFrame" inherits="UIPanelScrollFrameTemplate">
				<Anchors>
					<Anchor point="TOPLEFT" x="10" y="-11"/>
					<Anchor point="BOTTOMRIGHT" x="-20" y="9"/>
				</Anchors>
				<ScrollChild>
					<Frame>
						<Size x="10" y="10"/>
						<Frames>
							<SimpleHTML parentKey="HTML" inherits="TRP3_DashboardHTMLContent">
								<Anchors>
									<Anchor point="TOPLEFT" x="5" y="-5"/>
								</Anchors>
							</SimpleHTML>
						</Frames>
					</Frame>
				</ScrollChild>
			</ScrollFrame>
		</Frames>
		<Scripts>
			<OnLoad method="OnLoad"/>
		</Scripts>
	</Frame>
</Ui>
