<Ui xmlns="http://www.blizzard.com/wow/ui/"
	xmlns:xsi="http://www.w3.org/2001/XMLSchema-instance"
	xsi:schemaLocation="http://www.blizzard.com/wow/ui/">

	<!--
		Total RP 3
		Copyright 2014 Sylvain Cossement (telkostrasz@telkostrasz.be)
		Copyright 2014-2019 Morgane "Ellypse" Parize <ellypse@totalrp3.info> @EllypseCelwe

		Licensed under the Apache License, Version 2.0 (the "License");
		you may not use this file except in compliance with the License.
		You may obtain a copy of the License at

			http://www.apache.org/licenses/LICENSE-2.0

		Unless required by applicable law or agreed to in writing, software
		distributed under the License is distributed on an "AS IS" BASIS,
		WITHOUT WARRANTIES OR CONDITIONS OF ANY KIND, either express or implied.
		See the License for the specific language governing permissions and
		limitations under the License.
	-->

	<Script file="Map.lua" />
	<Script file="MapPoiMixins.lua" />
	<Script file="MapScanner.lua" />
	<Script file="MapScannersManager.lua" />
	<Script file="MapDataProvider.lua" />

	<Button name="TRP3_WorldMapButton" parent="UIParent" inherits="TRP3_IconButton" frameStrata="FULLSCREEN" toplevel="true" motionScriptsWhileDisabled="true">
		<Frames>
			<Cooldown parentKey="Cooldown" setAllPoints="true" inherits="CooldownFrameTemplate" />
		</Frames>
	</Button>

	<Frame name="TRP3_ScanLoaderFrame" parent="UIParent" hidden="true">
		<Size x="200" y="200"/>
		<Layers>
			<Layer level="BACKGROUND">
				<Texture alphaMode="ADD" file="Interface\UNITPOWERBARALT\PandarenTrainingLarge_Circular_Fill" alpha="0.5">
					<Size x="256" y="256"/>
					<Anchors>
						<Anchor point="CENTER" x="0" y="0"/>
					</Anchors>
				</Texture>
			</Layer>
			<Layer level="BORDER">
				<Texture parentKey="flash1" alphaMode="ADD" file="Interface\UNITPOWERBARALT\PandarenTrainingLarge_Circular_Flash" alpha="0.5">
					<Size x="300" y="300"/>
					<Anchors>
						<Anchor point="CENTER" x="0" y="0"/>
					</Anchors>
				</Texture>
				<Texture parentKey="flash2" alphaMode="ADD" file="Interface\UNITPOWERBARALT\PandarenTrainingLarge_Circular_Flash" alpha="0.5">
					<Size x="400" y="400"/>
					<Anchors>
						<Anchor point="CENTER" x="0" y="0"/>
					</Anchors>
				</Texture>
			</Layer>
			<Layer>
				<Texture parentKey="hourGlass" file="Interface\Timer\Challenges-Logo">
					<Size x="130" y="130"/>
					<Anchors>
						<Anchor point="CENTER" x="0" y="0"/>
					</Anchors>
				</Texture>
				<Texture file="Interface\UNITPOWERBARALT\PandarenTrainingLarge_Circular_Frame">
					<Size x="256" y="256"/>
					<Anchors>
						<Anchor point="CENTER" x="0" y="0"/>
					</Anchors>
				</Texture>
			</Layer>
			<Layer>
				<Texture parentKey="Banner" atlas="GarrMission_RewardsBanner-Desaturate" useAtlasSize="true">
					<Anchors>
						<Anchor point="CENTER" relativePoint="TOP" x="0" y="10"/>
					</Anchors>
				</Texture>
			</Layer>
			<Layer level="OVERLAY">
				<FontString name="TRP3_ScanLoaderFrameScanning" inherits="QuestFont_Huge" text="Scanning">
					<Anchors>
						<Anchor point="CENTER" relativeKey="$parent.Banner" x="0" y="6"/>
					</Anchors>
					<Color r="0" g="0" b="0" />
				</FontString>
			</Layer>
		</Layers>
		<Animations>
			<AnimationGroup parentKey="fadeOut" setToFinalAlpha="true">
				<Alpha duration="1" toAlpha="0" fromAlpha="1"/>
			</AnimationGroup>
			<AnimationGroup parentKey="fadeIn" setToFinalAlpha="true">
				<Alpha duration="0" fromAlpha="1" toAlpha="0"/>
				<Alpha duration="0.5" fromAlpha="0" toAlpha="1"/>
			</AnimationGroup>
			<AnimationGroup parentKey="content">
				<Rotation parentKey="flash1Rotation" targetKey="$parent.$parent.flash1" degrees="-90"/>
				<Rotation parentKey="flash2Rotation" targetKey="$parent.$parent.flash2" degrees="90"/>
				<Scale duration="1" targetKey="flash1" scaleX="2.5" scaleY="2.5"/>
				<Scale duration="1" targetKey="flash2" scaleX="2.5" scaleY="2.5"/>
				<Rotation parentKey="hourGlassRotation" targetKey="$parent.$parent.hourGlass" degrees="-360"/>
			</AnimationGroup>
		</Animations>
	</Frame>

	<Script file="map_markers.lua"/>
	<Script file="WorldMapButton.lua"/>
	<Script file="WorldMapScanLoadingFrame.lua"/>
</Ui>
