<Ui>
	<FontFamily name="AuctionatorRetailImportPriceFont" virtual="true">
		<Member alphabet="roman">
			<Font font="Fonts\ARIALN.TTF" height="14"/>
		</Member>
		<Member alphabet="korean">
			<Font font="Fonts\ARIALN.TTF" height="14"/>
		</Member>
		<Member alphabet="simplifiedchinese">
			<Font font="Fonts\ARIALN.TTF" height="14"/>
		</Member>
		<Member alphabet="traditionalchinese">
			<Font font="Fonts\ARIALN.TTF" height="14"/>
		</Member>
		<Member alphabet="russian">
			<Font font="Fonts\ARIALN.TTF" height="14"/>
		</Member>
	</FontFamily>

	<Font name="AuctionatorRetailImportNumber14FontWhite" inherits="NumberFont_Normal_Med" virtual="true" >
		<Color r="1.0" g="1.0" b="1.0"/>
		<Shadow x="1" y="-1">
			<Color r="0" g="0" b="0"/>
		</Shadow>
	</Font>
</Ui>
