<Ui xmlns="http://www.blizzard.com/wow/ui/" xmlns:xsi="http://www.w3.org/2001/XMLSchema-instance" xsi:schemaLocation="http://www.blizzard.com/wow/ui/ http://wowprogramming.com/utils/xmlbrowser/live/FrameXML/UI.xsd">
    <!--
        Storyline

        Dialogs part

        Copyright 2016 Morgane "Ellypse" Parize <ellypse@totalrp3.info> @EllypseCelwe

        Licensed under the Apache License, Version 2.0 (the "License");
        you may not use this file except in compliance with the License.
        You may obtain a copy of the License at

            http://www.apache.org/licenses/LICENSE-2.0

        Unless required by applicable law or agreed to in writing, software
        distributed under the License is distributed on an "AS IS" BASIS,
        WITHOUT WARRANTIES OR CONDITIONS OF ANY KIND, either express or implied.
        See the License for the specific language governing permissions and
        limitations under the License.
    -->

    <Button name="Storyline_DialogChoiceButton" virtual="true" hidden="true">
        <Anchors>
            <Anchor point="LEFT" relativePoint="LEFT" />
            <Anchor point="RIGHT" relativePoint="RIGHT" />
        </Anchors>
        <Layers>
            <Layer level="BACKGROUND">
                <!-- TOP BORDER -->
                <Texture file="Interface/AdventureMap/AdventureMap">
                    <Size y="13" />
                    <Anchors>
                        <Anchor point="TOP" />
                        <Anchor point="LEFT" />
                        <Anchor point="RIGHT" />
                    </Anchors>
                    <TexCoords left="0.34" right="0.78" top="0.30" bottom="0.325"/>
                </Texture>
                <!-- MIDDLE -->
                <Texture file="Interface/AdventureMap/AdventureMap">
                    <Anchors>
                        <Anchor point="TOP" y="-13"/>
                        <Anchor point="BOTTOM" y="13"/>
                        <Anchor point="LEFT" />
                        <Anchor point="RIGHT" />
                    </Anchors>
                    <TexCoords left="0.34" right="0.78" top="0.33" bottom="0.34"/>
                </Texture>
                <!-- BOTTOM BORDER -->
                <Texture file="Interface/AdventureMap/AdventureMap">
                    <Size y="13" />
                    <Anchors>
                        <Anchor point="BOTTOM"/>
                        <Anchor point="LEFT" />
                        <Anchor point="RIGHT" />
                    </Anchors>
                    <TexCoords left="0.34" right="0.78" top="0.34" bottom="0.36"/>
                </Texture>
            </Layer>
            <Layer>
                <Texture parentKey="icon" file="Interface/GOSSIPFRAME/ChatBubbleGossipIcon">
                    <Size x="16" y="16"/>
                    <Anchors>
                        <Anchor point="LEFT" relativePoint="LEFT" x="50"/>
                    </Anchors>
                </Texture>
                <FontString parentKey="text" inherits="GameFontNormalMed1" justifyH="LEFT" justifyV="MIDDLE" wordwrap="true">
                    <Anchors>
                        <Anchor point="LEFT" relativePoint="RIGHT" relativeKey="$parent.icon" x="10"/>
                        <Anchor point="RIGHT" relativePoint="RIGHT"  x="-70"/>
                    </Anchors>
                </FontString>
                <FontString parentKey="binding" inherits="GameFontNormal" justifyH="RIGHT" justifyV="MIDDLE">
                    <Size x="50"/>
                    <Anchors>
                        <Anchor point="RIGHT" relativePoint="LEFT" relativeKey="$parent.icon" x="-5"/>
                    </Anchors>
                </FontString>
            </Layer>
            <Layer level="OVERLAY">
                <Texture parentKey="highlight" file="Interface/FriendsFrame/UI-FriendsFrame-HighlightBar" alpha="0" alphaMode="ADD">
                    <Anchors>
                        <Anchor point="TOPLEFT" y="-9" x="20"/>
                        <Anchor point="BOTTOMRIGHT" y="3" x="-20"/>
                    </Anchors>
                </Texture>
            </Layer>
        </Layers>
        <Animations>
            <AnimationGroup parentKey="fadeIn">
                <Alpha fromAlpha="0.0" toAlpha="1" duration="0.2" smoothing="OUT"/>
            </AnimationGroup>
            <AnimationGroup parentKey="onClickedAnimation">
                <Translation offsetX="0" offsetY="-3" duration="0.1" />
            </AnimationGroup>
            <AnimationGroup parentKey="onEnterAnimation" setToFinalAlpha="true">
                <Alpha childKey="highlight" fromAlpha="0.0" toAlpha="0.4" duration="0.1" smoothing="OUT"/>
            </AnimationGroup>
            <AnimationGroup parentKey="onLeaveAnimation" setToFinalAlpha="true">
                <Alpha childKey="highlight" fromAlpha="0.4" toAlpha="0.0" duration="0.1" smoothing="OUT"/>
            </AnimationGroup>
        </Animations>
        <Scripts>
            <OnEnter>
                    self.onEnterAnimation:Play();
                    self:PlayPlayerModelAnimation();
            </OnEnter>
            <OnLeave>
                    self.onLeaveAnimation:Play();
            </OnLeave>
            <PreClick>
                self.onClickedAnimation:Stop();
                self.onClickedAnimation:Play();
            </PreClick>
            <PostClick>
                Storyline_API.PlaySound("igMainMenuOptionCheckBoxOn");
            </PostClick>
        </Scripts>
    </Button>

    <ScrollFrame name="Storyline_DialogChoicesScrollFrame" inherits="UIPanelScrollFrameCodeTemplate" frameStrata="HIGH" parent="Storyline_NPCFrame">
        <Size x="450" />
        <Anchors>
            <Anchor point="CENTER" relativePoint="CENTER" />
            <Anchor point="TOP" relativePoint="TOP"  y="-20"/>
            <Anchor point="BOTTOM" relativePoint="TOP" relativeTo="Storyline_NPCFrameChat" y="20"/>
        </Anchors>
        <Frames>
            <Slider name="$parentScrollBar" inherits="UIPanelScrollBarTemplate" parentKey="ScrollBar" hidden="true" alpha="0">
                <Anchors>
                    <Anchor point="TOPLEFT" relativePoint="TOPRIGHT" x="6" y="-16"/>
                    <Anchor point="BOTTOMLEFT" relativePoint="BOTTOMRIGHT" x="6" y="16"/>
                </Anchors>
            </Slider>
        </Frames>
        <Layers>
            <Layer level="OVERLAY">
                <Texture parentKey="borderTop" file="Interface\ACHIEVEMENTFRAME\UI-Achievement-Borders" alpha="1" hidden="true">
                    <TexCoords left="0.12" right="0.87" top="0.25" bottom="0" />
                    <Size y="30"/>
                    <Anchors>
                        <Anchor point="BOTTOM" relativePoint="TOP"  />
                        <Anchor point="LEFT" relativePoint="LEFT"  />
                        <Anchor point="RIGHT" relativePoint="RIGHT"  />
                    </Anchors>
                    <Animations>
                        <AnimationGroup parentKey="pulse" looping="REPEAT">
                            <Alpha fromAlpha="1" toAlpha="0.5" order="1" duration="0.7" smoothing="OUT"/>
                            <Alpha fromAlpha="0.5" toAlpha="1" order="2" duration="0.7" smoothing="IN"/>
                        </AnimationGroup>
                    </Animations>
                </Texture>
                <Texture parentKey="borderBottom" file="Interface\ACHIEVEMENTFRAME\UI-Achievement-Borders" alpha="1" hidden="true">
                    <TexCoords left="0.12" right="0.87" top="0" bottom="0.25" />
                    <Size y="30"/>
                    <Anchors>
                        <Anchor point="TOP" relativePoint="BOTTOM"  />
                        <Anchor point="LEFT" relativePoint="LEFT"  />
                        <Anchor point="RIGHT" relativePoint="RIGHT"  />
                    </Anchors>
                    <Animations>
                        <AnimationGroup parentKey="pulse" looping="REPEAT">
                            <Alpha fromAlpha="1" toAlpha="0.5" order="1" duration="0.7" smoothing="OUT"/>
                            <Alpha fromAlpha="0.5" toAlpha="1" order="2" duration="0.7" smoothing="IN"/>
                        </AnimationGroup>
                    </Animations>
                </Texture>
            </Layer>
        </Layers>
        <ScrollChild>
            <Frame parentKey="container" setAllPoints="true">
                <Size y="250" />
                <Anchors>
                    <Anchor point="CENTER" relativePoint="CENTER" />
                </Anchors>
            </Frame>
        </ScrollChild>
    </ScrollFrame>

    <!-- Load Lua scripts -->
    <Script file="dialogs.lua"/>
    <Script file="dialogs_buttons.lua"/>
    <Script file="dialogs_scrollframe.lua"/>

</Ui>