<Ui>
  <Button name="AuctionatorSellingMiniTabButtonTemplate" mixin="AuctionatorMiniTabButtonMixin" virtual="true">
		<Size>
        <AbsDimension x="115" y="32"/>
    </Size>
        <Layers>
        	<Layer level="BACKGROUND" sublevel="2">
        		<Texture name="$parentLeftDisabled" parentKey="LeftDisabled" file="Interface\HelpFrame\HelpFrameTab-Active">
        			<Size>
        				<AbsDimension x="16" y="32"/>
        			</Size>
        			<Anchors>
        				<Anchor point="TOPLEFT">
        					<Offset>
        						<AbsDimension x="0" y="-3"/>
        					</Offset>
        				</Anchor>
        			</Anchors>
					<TexCoords left="0" right="0.25" top="1" bottom="0"/>
        		</Texture>
				<Texture name="$parentMiddleDisabled" parentKey="MiddleDisabled" file="Interface\HelpFrame\HelpFrameTab-Active">
        			<Size>
        				<AbsDimension x="32" y="32"/>
        			</Size>
        			<Anchors>
        				<Anchor point="LEFT" relativeKey="$parent.LeftDisabled" relativePoint="RIGHT"/>
        			</Anchors>
					<TexCoords left="0.25" right="0.75" top="1" bottom="0"/>
        		</Texture>
				<Texture name="$parentRightDisabled" parentKey="RightDisabled" file="Interface\HelpFrame\HelpFrameTab-Active">
        			<Size>
        				<AbsDimension x="16" y="32"/>
        			</Size>
        			<Anchors>
        				<Anchor point="LEFT" relativeKey="$parent.MiddleDisabled" relativePoint="RIGHT"/>
        			</Anchors>
					<TexCoords left="0.75" right="1.0" top="1" bottom="0"/>
        		</Texture>
				<Texture name="$parentLeft" parentKey="Left" file="Interface\HelpFrame\HelpFrameTab-Inactive">
        			<Size>
        				<AbsDimension x="16" y="32"/>
        			</Size>
        			<Anchors>
        				<Anchor point="TOPLEFT"/>
        			</Anchors>
					<TexCoords left="0" right="0.25" top="1" bottom="0"/>
        		</Texture>
				<Texture name="$parentMiddle" parentKey="Middle" file="Interface\HelpFrame\HelpFrameTab-Inactive">
        			<Size>
        				<AbsDimension x="32" y="32"/>
        			</Size>
        			<Anchors>
        				<Anchor point="LEFT" relativeKey="$parent.Left" relativePoint="RIGHT"/>
        			</Anchors>
					<TexCoords left="0.25" right="0.75" top="1" bottom="0"/>
        		</Texture>
				<Texture name="$parentRight" parentKey="Right" file="Interface\HelpFrame\HelpFrameTab-Inactive">
        			<Size>
        				<AbsDimension x="16" y="32"/>
        			</Size>
        			<Anchors>
        				<Anchor point="LEFT" relativeKey="$parent.Middle" relativePoint="RIGHT"/>
        			</Anchors>
					<TexCoords left="0.75" right="1.0" top="1" bottom="0"/>
        		</Texture>
        	</Layer>
        </Layers>
		<Scripts>
      <OnLoad method="OnLoad"/>
      <OnClick method="OnClick"/>
      <OnShow method="OnShow"/>
		</Scripts>
		<ButtonText name="$parentText" parentKey="Text">
			<Size>
				<AbsDimension x="0" y="13"/>
			</Size>
			<Anchors>
			</Anchors>
		</ButtonText>
		<NormalFont style="GameFontNormalSmall"/>
		<HighlightFont style="GameFontHighlightSmall"/>
		<DisabledFont style="GameFontDisableSmall"/>
		<HighlightTexture name="$parentHighlightTexture" parentKey="HighlightTexture" file="Interface\PaperDollInfoFrame\UI-Character-Tab-Highlight" alphaMode="ADD">
			<Size>
				<AbsDimension x="5" y="32"/>
			</Size>
			<Anchors>
				<Anchor point="TOP">
					<Offset>
						<AbsDimension x="2" y="8"/>
					</Offset>
				</Anchor>
			</Anchors>
		</HighlightTexture>
    </Button>
</Ui>
