<Ui xmlns="http://www.blizzard.com/wow/ui/" xmlns:xsi="http://www.w3.org/2001/XMLSchema-instance" xsi:schemaLocation="http://www.blizzard.com/wow/ui/">

<!--
	Total RP 3
	Copyright 2014 Sylvain Cossement (telkostrasz@telkostrasz.be)

	Licensed under the Apache License, Version 2.0 (the "License");
	you may not use this file except in compliance with the License.
	You may obtain a copy of the License at

		http://www.apache.org/licenses/LICENSE-2.0

	Unless required by applicable law or agreed to in writing, software
	distributed under the License is distributed on an "AS IS" BASIS,
	WITHOUT WARRANTIES OR CONDITIONS OF ANY KIND, either express or implied.
	See the License for the specific language governing permissions and
	limitations under the License.
-->

	<!-- Toolbar button -->
	<Button name="TRP3_ToolbarButtonTemplate" virtual="true">
		<Size x="25" y="25" />
		<HighlightTexture alphaMode="ADD" file="Interface/BUTTONS/ButtonHilight-Square" />
	</Button>

	<!-- Toolbar -->
	<Frame name="TRP3_ToolbarTemplate" frameStrata="MEDIUM" toplevel="true" parent="UIParent" enableMouse="true" virtual="true">
		<Size x="190" y="60" />
		<Scripts>
			<OnLoad>
				self:SetClampedToScreen(true);
			</OnLoad>
		</Scripts>
		<Frames>
			<Frame name="$parentContainer" inherits="BackdropTemplate">
				<KeyValues>
					<KeyValue key="backdropInfo" value="TRP3_BACKDROP_DIALOG_20_20_5555" type="global"/>
				</KeyValues>
				<Anchors>
					<Anchor point="TOP" x="0" y="-18" />
				</Anchors>
			</Frame>
			<!-- Cadre Titre -->
			<Frame name="$parentTopFrame" inherits="BackdropTemplate">
				<KeyValues>
					<KeyValue key="backdropInfo" value="TRP3_BACKDROP_MIXED_PARTY_DIALOG_16_16_5555" type="global"/>
				</KeyValues>
				<Size x="80" y="25" />
				<Anchors>
					<Anchor point="TOP" x="0" y="0" />
				</Anchors>
				<Layers>
					<Layer level="OVERLAY">
						<FontString name="$parentText" inherits="GameFontNormalSmall" justifyH="CENTER">
							<Anchors>
								<Anchor point="CENTER" x="0" y="0" />
							</Anchors>
							<Color r="0.95" g="0.95" b="0.95" />
						</FontString>
					</Layer>
				</Layers>
			</Frame>
		</Frames>
	</Frame>

	<Script file="toolbar.lua"/>

</Ui>
