<Ui xmlns="http://www.blizzard.com/wow/ui/" xmlns:xsi="http://www.w3.org/2001/XMLSchema-instance" xsi:schemaLocation="http://www.blizzard.com/wow/ui/
..\FrameXML\UI.xsd">
    <!--@non-debug@-->
    <Script file="LibStub\LibStub.lua"/>
    <Include file="CallbackHandler-1.0\CallbackHandler-1.0.xml"/>
    <Include file="AceAddon-3.0\AceAddon-3.0.xml"/>
    <Include file="AceConsole-3.0\AceConsole-3.0.xml"/>
    <Include file="AceEvent-3.0\AceEvent-3.0.xml"/>
    <Include file="AceHook-3.0\AceHook-3.0.xml"/>
    <Include file="AceGUI-3.0\AceGUI-3.0.xml"/>
    <Include file="AceConfig-3.0\AceConfig-3.0.xml"/>
    <!--@end-non-debug@-->
</Ui>
