<Ui xmlns="http://www.blizzard.com/wow/ui/"
	xmlns:xsi="http://www.w3.org/2001/XMLSchema-instance"
	xsi:schemaLocation="http://www.blizzard.com/wow/ui/">

<!--
	Total RP 3
	Copyright 2014 Sylvain Cossement (telkostrasz@telkostrasz.be)

	Licensed under the Apache License, Version 2.0 (the "License");
	you may not use this file except in compliance with the License.
	You may obtain a copy of the License at

		http://www.apache.org/licenses/LICENSE-2.0

	Unless required by applicable law or agreed to in writing, software
	distributed under the License is distributed on an "AS IS" BASIS,
	WITHOUT WARRANTIES OR CONDITIONS OF ANY KIND, either express or implied.
	See the License for the specific language governing permissions and
	limitations under the License.
-->

	<Button name="TRP3_TutorialButton" virtual="true" frameStrata="DIALOG" hidden="true">
		<Size x="46" y="46"/>
		<Layers>
			<Layer level="OVERLAY">
				<Texture file="Interface\common\help-i" setAllPoints="true"/>
			</Layer>
		</Layers>
		<HighlightTexture alphaMode="ADD" file="Interface\Minimap\UI-Minimap-ZoomButton-Highlight">
			<Size x="46" y="46"/>
			<Anchors>
				<Anchor point="CENTER" x="-1" y="-1"/>
			</Anchors>
		</HighlightTexture>
	</Button>

	<Frame name="TRP3_TutorialTooltip" inherits="GlowBoxTemplate" parent="UIParent" hidden="true" frameStrata="FULLSCREEN_DIALOG">
		<Size x="220" y="100"/>
		<Layers>
			<Layer level="OVERLAY">
				<FontString parentKey="Text" inherits="GameFontHighlightLeft">
					<Size x="190" y="0"/>
					<Anchors>
						<Anchor point="TOPLEFT" x="15" y="-15"/>
					</Anchors>
				</FontString>
			</Layer>
			<Layer level="ARTWORK">
				<Texture parentKey="ArrowUP" inherits="HelpPlateArrowDOWN" hidden="true">
					<Size x="53" y="21"/>
					<Anchors>
						<Anchor point="TOP" relativePoint="BOTTOM" x="0" y="3"/>
					</Anchors>
				</Texture>
				<Texture parentKey="ArrowDOWN" inherits="HelpPlateArrowUP" hidden="true">
					<Size x="53" y="21"/>
					<Anchors>
						<Anchor point="BOTTOM" relativePoint="TOP" x="0" y="-3"/>
					</Anchors>
				</Texture>
				<Texture parentKey="ArrowRIGHT" inherits="HelpPlateArrowDOWN" hidden="true">
					<Size x="53" y="21"/>
					<Anchors>
						<Anchor point="RIGHT" relativePoint="LEFT" x="3" y="0"/>
					</Anchors>
				</Texture>
				<Texture parentKey="ArrowLEFT" inherits="HelpPlateArrowDOWN" hidden="true">
					<Size x="53" y="21"/>
					<Anchors>
						<Anchor point="LEFT" relativePoint="RIGHT" x="-3" y="0"/>
					</Anchors>
				</Texture>
			</Layer>
			<Layer level="BORDER">
				<Texture parentKey="ArrowGlowUP" inherits="HelpPlateArrow-GlowDOWN" hidden="true" alphaMode="ADD" alpha="0.5">
					<Size x="53" y="21"/>
					<Anchors>
						<Anchor point="TOP" relativePoint="BOTTOM" x="0" y="3"/>
					</Anchors>
				</Texture>
				<Texture parentKey="ArrowGlowDOWN" inherits="HelpPlateArrow-GlowUP" hidden="true" alphaMode="ADD" alpha="0.5">
					<Size x="53" y="21"/>
					<Anchors>
						<Anchor point="BOTTOM" relativePoint="TOP" x="0" y="-3"/>
					</Anchors>
				</Texture>
				<Texture parentKey="ArrowGlowRIGHT" inherits="HelpPlateArrow-GlowDOWN" hidden="true" alphaMode="ADD" alpha="0.5">
					<Size x="53" y="21"/>
					<Anchors>
						<Anchor point="RIGHT" relativePoint="LEFT" x="3" y="0"/>
					</Anchors>
				</Texture>
				<Texture parentKey="ArrowGlowLEFT" inherits="HelpPlateArrow-GlowDOWN" hidden="true" alphaMode="ADD" alpha="0.5">
					<Size x="53" y="21"/>
					<Anchors>
						<Anchor point="LEFT" relativePoint="RIGHT" x="-3" y="0"/>
					</Anchors>
				</Texture>
			</Layer>
		</Layers>
		<Scripts>
			<OnLoad>
				self.Text:SetSpacing(4);
				SetClampedTextureRotation(self.ArrowLEFT, 270);
				SetClampedTextureRotation(self.ArrowRIGHT, 90);
				SetClampedTextureRotation(self.ArrowGlowLEFT, 270);
				SetClampedTextureRotation(self.ArrowGlowRIGHT, 90);
			</OnLoad>
			<OnShow>
				self:SetHeight(self.Text:GetHeight()+30);
			</OnShow>
		</Scripts>
	</Frame>

	<Frame name="TRP3_MainFrameTemplate" toplevel="true" parent="UIParent" frameStrata="MEDIUM" enableMouse="true" clampedToScreen="true" virtual="true" inherits="BackdropTemplate">
		<KeyValues>
			<KeyValue key="backdropInfo" value="TRP3_BACKDROP_ACHIEVEMENTS_32_64_5555" type="global"/>
		</KeyValues>
		<Size x="768" y="500"/>
		<Layers>
			<Layer level="ARTWORK">
				<Texture file="Interface\AchievementFrame\UI-Achievement-MetalBorder-Left">
					<Size x="16" y="0"/>
					<Anchors>
						<Anchor point="TOPLEFT" x="14" y="0"/>
						<Anchor point="BOTTOMLEFT" x="14" y="10"/>
					</Anchors>
					<TexCoords left="0" right="1" top="0" bottom=".87"/>
				</Texture>
				<Texture file="Interface\AchievementFrame\UI-Achievement-MetalBorder-Left">
					<Size x="16" y="0"/>
					<Anchors>
						<Anchor point="TOPRIGHT" x="-13" y="-10"/>
						<Anchor point="BOTTOMRIGHT" x="-13" y="10"/>
					</Anchors>
					<TexCoords left="1" right="0" top=".87" bottom="0"/>
				</Texture>
				<Texture file="Interface\AchievementFrame\UI-Achievement-MetalBorder-Top">
					<Size x="450" y="16"/>
					<Anchors>
						<Anchor point="BOTTOMLEFT" x="28" y="13"/>
						<Anchor point="BOTTOMRIGHT" x="-28" y="13"/>
					</Anchors>
					<TexCoords left="0" right=".87" top="1.0" bottom="0"/>
				</Texture>
				<Texture file="Interface\AchievementFrame\UI-Achievement-MetalBorder-Top">
					<Size x="450" y="16"/>
					<Anchors>
						<Anchor point="TOPLEFT" x="28" y="-12"/>
						<Anchor point="TOPRIGHT" x="-28" y="-12"/>
					</Anchors>
					<TexCoords left=".87" right="0" top="0" bottom="1"/>
				</Texture>
			</Layer>
			<Layer level="OVERLAY" textureSubLevel="2">
				<Texture file="Interface\AchievementFrame\UI-Achievement-MetalBorder-Joint">
					<Size x="32" y="32"/>
					<Anchors>
						<Anchor point="TOPLEFT" x="9" y="-7"/>
					</Anchors>
					<TexCoords left="1" right="0" top="1" bottom="0"/>
				</Texture>
				<Texture file="Interface\AchievementFrame\UI-Achievement-MetalBorder-Joint">
					<Size x="32" y="32"/>
					<Anchors>
						<Anchor point="TOPRIGHT" x="-8" y="-7"/>
					</Anchors>
					<TexCoords left="0" right="1" top="1" bottom="0"/>
				</Texture>
				<Texture file="Interface\AchievementFrame\UI-Achievement-MetalBorder-Joint">
					<Size x="32" y="32"/>
					<Anchors>
						<Anchor point="BOTTOMLEFT" x="9" y="8"/>
					</Anchors>
					<TexCoords left="1" right="0" top="0" bottom="1"/>
				</Texture>
				<Texture file="Interface\AchievementFrame\UI-Achievement-MetalBorder-Joint">
					<Size x="32" y="32"/>
					<Anchors>
						<Anchor point="BOTTOMRIGHT" x="-8" y="8"/>
					</Anchors>
					<TexCoords left="0" right="1" top="0" bottom="1"/>
				</Texture>
			</Layer>
			<Layer level="OVERLAY" textureSubLevel="1">
				<Texture file="Interface\AchievementFrame\UI-Achievement-WoodBorder-Corner">
					<Size x="64" y="64"/>
					<Anchors>
						<Anchor point="TOPLEFT" x="4" y="-2"/>
					</Anchors>
					<TexCoords left="0" right="1" top="0" bottom="1"/>
				</Texture>
				<Texture file="Interface\AchievementFrame\UI-Achievement-WoodBorder-Corner">
					<Size x="64" y="64"/>
					<Anchors>
						<Anchor point="TOPRIGHT" x="-4" y="-2"/>
					</Anchors>
					<TexCoords left="1" right="0" top="0" bottom="1"/>
				</Texture>
				<Texture file="Interface\AchievementFrame\UI-Achievement-WoodBorder-Corner">
					<Size x="64" y="64"/>
					<Anchors>
						<Anchor point="BOTTOMLEFT" x="4" y="3"/>
					</Anchors>
					<TexCoords left="0" right="1" top="1" bottom="0"/>
				</Texture>
				<Texture file="Interface\AchievementFrame\UI-Achievement-WoodBorder-Corner">
					<Size x="64" y="64"/>
					<Anchors>
						<Anchor point="BOTTOMRIGHT" x="-4" y="3"/>
					</Anchors>
					<TexCoords left="1" right="0" top="1" bottom="0"/>
				</Texture>
			</Layer>
		</Layers>
		<Frames>
			<!-- CLOSE MAIN FRAME -->
			<Button parentKey="Close" inherits="UIPanelCloseButton">
				<Anchors>
					<Anchor point="TOPRIGHT" x="4" y="4"/>
				</Anchors>
			</Button>

			<!-- MaxiButton -->
			<Button parentKey="Maximize">
				<Anchors>
					<Anchor point="TOPRIGHT" x="-16" y="4"/>
				</Anchors>
				<Size x="32" y="32"/>
				<NormalTexture file="Interface\Buttons\UI-Panel-BiggerButton-Up"/>
				<PushedTexture file="Interface\Buttons\UI-Panel-BiggerButton-Down"/>
				<HighlightTexture file="Interface\Buttons\UI-Panel-MinimizeButton-Highlight" alphaMode="ADD"/>
			</Button>

			<!-- MiniButton -->
			<Button parentKey="Minimize" hidden="true">
				<Anchors>
					<Anchor point="TOPRIGHT" x="-16" y="4"/>
				</Anchors>
				<Size x="32" y="32"/>
				<NormalTexture file="Interface\Buttons\UI-Panel-SmallerButton-Up"/>
				<PushedTexture file="Interface\Buttons\UI-Panel-SmallerButton-Down"/>
				<HighlightTexture file="Interface\Buttons\UI-Panel-MinimizeButton-Highlight" alphaMode="ADD"/>
			</Button>

			<!-- RESIZING BUTTON -->
			<Button parentKey="Resize" inherits="TRP3_ResizeButton">
				<KeyValues>
					<KeyValue key="minWidth" value="768" type="number"/>
					<KeyValue key="minHeight" value="500" type="number"/>
				</KeyValues>
				<Anchors>
					<Anchor point="BOTTOMRIGHT" x="4" y="-4"/>
				</Anchors>
			</Button>
		</Frames>
	</Frame>

	<Frame name="TRP3_MainFrame" inherits="TRP3_MainFrameTemplate" hidden="true" movable="true">
		<Anchors>
			<Anchor point="CENTER" x="0" y="0"/>
		</Anchors>
		<Scripts>
			<OnLoad inherit="prepend">
				tinsert(UISpecialFrames, self:GetName());
			</OnLoad>
		</Scripts>
		<Layers>
			<Layer level="BACKGROUND">
				<!--Interface\BlackMarket\BlackMarketBackground-Tile-->
				<!--Interface\BankFrame\Bank-Background-->
				<!--Interface\Collections\CollectionsBackgroundTile-->
				<!--Interface\GuildBankFrame\GuildVaultBG-->

				<Texture file="Interface\GuildBankFrame\GuildVaultBG" horizTile="true" vertTile="true">
					<Anchors>
						<Anchor point="TOPLEFT" x="16" y="-16"/>
						<Anchor point="BOTTOMRIGHT" x="-16" y="16"/>
					</Anchors>
				</Texture>
			</Layer>
			<Layer level="ARTWORK">
				<Texture file="Interface\AchievementFrame\UI-Achievement-Parchment">
					<Size x="195" y="0"/>
					<Anchors>
						<Anchor point="TOPLEFT" x="22" y="-20"/>
						<Anchor point="BOTTOMLEFT" x="20" y="23"/>
					</Anchors>
					<TexCoords left="0" right="0.5" top="0" bottom="1"/>
				</Texture>
			</Layer>
		</Layers>
		<Frames>
			<!-- LEFT PART : Menu -->
			<ScrollFrame name="TRP3_MainFrameMenuScroll" inherits="UIPanelScrollFrameTemplate">
				<Size x="175" y="0"/>
				<Anchors>
					<Anchor point="TOPLEFT" x="20" y="-23"/>
					<Anchor point="BOTTOM" x="0" y="20"/>
				</Anchors>
				<ScrollChild>
					<Frame name="TRP3_MainFrameMenuContainer">
						<Size x="195" y="10"/>
					</Frame>
				</ScrollChild>
				<Frames>
					<Button name="TRP3_MainTutorialButton">
						<Size x="46" y="46"/>
						<Anchors><Anchor point="BOTTOMLEFT" x="75" y="-15"/></Anchors>
						<Layers>
							<Layer level="BACKGROUND">
								<Texture parentKey="I" file="Interface\common\help-i">
									<Size x="46" y="46"/><Anchors><Anchor point="CENTER"/></Anchors>
								</Texture>
							</Layer>
							<Layer level="BORDER">
								<Texture parentKey="Ring" file="Interface\Minimap\MiniMap-TrackingBorder">
									<Size x="64" y="64"/><Anchors><Anchor point="CENTER" x="12" y="-13"/></Anchors>
								</Texture>
							</Layer>
						</Layers>
						<HighlightTexture alphaMode="ADD" file="Interface\Minimap\UI-Minimap-ZoomButton-Highlight">
							<Size x="46" y="46"/><Anchors><Anchor point="CENTER" x="-1" y="1"/></Anchors>
						</HighlightTexture>
						<Scripts>
							<PostClick>
								TRP3_API.ui.misc.playUISound(SOUNDKIT.IG_MAINMENU_OPTION_CHECKBOX_ON);
							</PostClick>
						</Scripts>
					</Button>
				</Frames>
			</ScrollFrame>

			<!-- RIGHT PART : Place for content -->
			<Frame name="TRP3_MainFramePageContainer">
				<Anchors>
					<Anchor point="TOPRIGHT" x="-20" y="-20"/>
					<Anchor point="BOTTOMRIGHT" x="-20" y="17"/>
					<Anchor point="LEFT" x="215" y="0"/>
				</Anchors>
			</Frame>

			<!-- RIGHT PART : STATIC POPUP : blocking access to content behind it -->
			<Frame name="TRP3_PopupsFrame" frameStrata="DIALOG" enableMouse="true" hidden="true" inherits="BackdropTemplate">
				<KeyValues>
					<KeyValue key="backdropInfo" value="TRP3_BACKDROP_MIXED_DIALOG_TOOLTIP_415_16_5555" type="global"/>
				</KeyValues>
				<Anchors>
					<Anchor point="TOPRIGHT" x="-20" y="-20"/>
					<Anchor point="BOTTOMRIGHT" x="-20" y="20"/>
					<Anchor point="LEFT" x="215" y="0"/>
				</Anchors>
			</Frame>

			<!-- Update alert popup -->
			<Frame name="TRP3_UpdateFrame" frameStrata="DIALOG" enableMouse="true" hidden="true" inherits="BackdropTemplate">
				<KeyValues>
					<KeyValue key="backdropInfo" value="TRP3_BACKDROP_MIXED_DIALOG_TOOLTIP_415_16_5555" type="global"/>
				</KeyValues>

				<Anchors>
					<Anchor point="TOPRIGHT" x="-20" y="-20"/>
					<Anchor point="BOTTOMRIGHT" x="-20" y="20"/>
					<Anchor point="LEFT" x="215" y="0"/>
				</Anchors>

				<Frames>
					<Frame parentKey="popup" inherits="TRP3_AltHoveredFrame">
						<Size x="0" y="200"/>
						<Anchors>
							<Anchor point="RIGHT" x="-50" y="0"/>
							<Anchor point="LEFT" x="50" y="0"/>
						</Anchors>
						<Layers>
							<Layer level="OVERLAY">
								<FontString parentKey="title" inherits="GameFontNormalLarge" justifyH="CENTER" text="[PROFILE_NAME]">
									<Size x="0" y="20" />
									<Anchors>
										<Anchor point="TOPLEFT" x="5" y="-15" />
										<Anchor point="TOPRIGHT" x="-5" y="-15" />
									</Anchors>
									<Color r="0.95" g="0.95" b="0.95" />
								</FontString>
								<FontString parentKey="text" inherits="GameFontNormal" justifyH="LEFT" text="[PROFILE_NAME]" justifyV="MIDDLE">
									<Anchors>
										<Anchor point="TOPLEFT" relativeKey="$parent.title" x="15" y="-10" />
										<Anchor point="TOPRIGHT" relativeKey="$parent.title" x="-15" y="-10" />
										<Anchor point="BOTTOM" x="0" y="10" />
									</Anchors>
									<Color r="0.95" g="0.95" b="0.95" />
								</FontString>
							</Layer>
						</Layers>
						<Frames>
							<Button parentKey="Close" inherits="UIPanelCloseButton">
								<Anchors>
									<Anchor point="TOPRIGHT" x="0" y="0"/>
								</Anchors>
								<Scripts>
									<OnClick>
										TRP3_UpdateFrame:Hide();
									</OnClick>
								</Scripts>
							</Button>
						</Frames>
					</Frame>
				</Frames>

			</Frame>

			<!-- RIGHT PART : TUTORIAL FRAME : blocking access to content behind it -->
			<Frame name="TRP3_TutorialFrame" frameStrata="DIALOG" enableMouse="true" hidden="true">
				<Anchors>
					<Anchor point="TOPRIGHT" x="-20" y="-20"/>
					<Anchor point="BOTTOMRIGHT" x="-20" y="20"/>
					<Anchor point="LEFT" x="215" y="0"/>
				</Anchors>
			</Frame>

		</Frames>
	</Frame>

	<Frame name="TRP3_DEBUG_CODE_FRAME" inherits="TRP3_TextArea" parent="UIParent" hidden="true">
		<Size x="500" y="500"/>
		<Anchors>
			<Anchor point="CENTER" x="0" y="0"/>
		</Anchors>
	</Frame>

	<Frame name="TRP3_CTLDebug" inherits="TRP3_AltHoveredFrame" enableMouse="true" hidden="true" movable="true">
		<Size x="900" y="600"/>
		<Anchors>
			<Anchor point="CENTER" x="0" y="0"/>
		</Anchors>
		<Frames>
			<ScrollFrame name="$parentScrollFrame" parentKey="scroll" inherits="UIPanelScrollFrameCodeTemplate">
				<Anchors>
					<Anchor point="TOP" x="0" y="-25"/>
					<Anchor point="RIGHT" x="-25" y="0"/>
					<Anchor point="LEFT" x="30" y="0"/>
					<Anchor point="BOTTOM" x="0" y="30"/>
				</Anchors>
				<Frames>
					<Slider name="$parentScrollBar" inherits="MinimalScrollBarTemplate" parentKey="ScrollBar">
						<Anchors>
							<Anchor point="TOPRIGHT" x="0" y="-17"/>
							<Anchor point="BOTTOMRIGHT" x="0" y="17"/>
						</Anchors>
						<Scripts>
							<OnLoad>
								self.trackBG:SetVertexColor(0.2, 0.13, 0.08, 0.25);
							</OnLoad>
						</Scripts>
					</Slider>
				</Frames>
				<ScrollChild>
					<Frame name="$parentScrollChild" parentKey="child">
						<Size x="10" y="10"/>
						<Anchors>
							<Anchor point="TOPLEFT" x="0" y="0"/>
						</Anchors>
						<Frames>
							<SimpleHTML name="$parentHTML" parentKey="HTML">
								<Size x="300" y="10"/>
								<Anchors>
									<Anchor point="TOPLEFT" x="5" y="-5"/>
								</Anchors>
								<FontStringHeader1 inherits="GameFontNormalHuge3"/>
								<FontStringHeader2 inherits="GameFontNormalHuge"/>
								<FontStringHeader3 inherits="GameFontNormalLarge"/>
								<FontString inherits="GameFontNormal">
									<Color r="0.95" g="0.95" b="0.95"/>
								</FontString>
							</SimpleHTML>
							<SimpleHTML name="$parentHTML2" parentKey="HTML2">
								<Size x="300" y="10"/>
								<Anchors>
									<Anchor point="TOPLEFT" relativePoint="TOPRIGHT" relativeKey="$parent.HTML" x="0" y="0"/>
								</Anchors>
								<FontStringHeader1 inherits="GameFontNormalHuge3"/>
								<FontStringHeader2 inherits="GameFontNormalHuge"/>
								<FontStringHeader3 inherits="GameFontNormalLarge"/>
								<FontString inherits="GameFontNormal">
									<Color r="0.95" g="0.95" b="0.95"/>
								</FontString>
							</SimpleHTML>
						</Frames>
					</Frame>
				</ScrollChild>
			</ScrollFrame>

			<Button parentKey="Close" inherits="UIPanelCloseButton">
				<Anchors>
					<Anchor point="TOPRIGHT" x="0" y="0"/>
				</Anchors>
				<Scripts>
					<OnClick>
						self:GetParent():Hide();
					</OnClick>
				</Scripts>
			</Button>

			<Button parentKey="Resize" inherits="TRP3_ResizeButton">
				<KeyValues>
					<KeyValue key="minWidth" value="500" type="number"/>
					<KeyValue key="minHeight" value="500" type="number"/>
				</KeyValues>
				<Anchors>
					<Anchor point="BOTTOMRIGHT" x="4" y="-4"/>
				</Anchors>
			</Button>
		</Frames>
	</Frame>

</Ui>
