<Ui xmlns="http://www.blizzard.com/wow/ui/" xmlns:xsi="http://www.w3.org/2001/XMLSchema-instance" xsi:schemaLocation="http://www.blizzard.com/wow/ui/">

<!--
	Total RP 3
	Copyright 2014 Sylvain Cossement (telkostrasz@telkostrasz.be)

	Licensed under the Apache License, Version 2.0 (the "License");
	you may not use this file except in compliance with the License.
	You may obtain a copy of the License at

		http://www.apache.org/licenses/LICENSE-2.0

	Unless required by applicable law or agreed to in writing, software
	distributed under the License is distributed on an "AS IS" BASIS,
	WITHOUT WARRANTIES OR CONDITIONS OF ANY KIND, either express or implied.
	See the License for the specific language governing permissions and
	limitations under the License.
-->

	<!-- Profile manager : Line -->
	<Frame name="TRP3_ProfileManagerLine" virtual="true" inherits="BackdropTemplate">
		<KeyValues>
			<KeyValue key="backdropInfo" value="TRP3_BACKDROP_MIXED_TUTORIAL_TOOLTIP_418_16_5353" type="global"/>
		</KeyValues>
		<Size x="0" y="65" />
		<Frames>
			<Frame name="$parentIcon" inherits="TRP3_SimpleIcon">
				<Size x="40" y="40" />
				<Anchors>
					<Anchor point="LEFT" x="15" y="0" />
				</Anchors>
			</Frame>
			<Button name="$parentBound" inherits="UIPanelButtonTemplate" hidden="true">
				<Size x="95" y="25" />
				<Anchors>
					<Anchor point="TOPRIGHT" x="-8" y="-8" />
				</Anchors>
				<Scripts>
					<PostClick>
						TRP3_API.ui.misc.playUISound(SOUNDKIT.IG_MAINMENU_OPTION_CHECKBOX_ON);
					</PostClick>
				</Scripts>
			</Button>
			<Button name="$parentAction" inherits="TRP3_ActionButton">
				<Anchors>
					<Anchor point="BOTTOMRIGHT" x="-4" y="4" />
				</Anchors>
			</Button>
			<Button name="$parentInfo" inherits="TRP3_HelpButton">
				<Anchors>
					<Anchor point="BOTTOMLEFT" relativePoint="BOTTOMRIGHT" relativeTo="$parentIcon" x="5" y="2" />
				</Anchors>
			</Button>
			<Frame name="$parentHighlight" inherits="GlowBorderTemplate" hidden="true">
				<Anchors>
					<Anchor point="TOPLEFT" x="0" y="0"/>
					<Anchor point="BOTTOMRIGHT" x="0" y="0"/>
				</Anchors>
				<Scripts>
					<OnLoad>
						self:SetAlpha(0.55);
					</OnLoad>
				</Scripts>
			</Frame>
		</Frames>
		<Scripts>
			<OnEnter>
				TRP3_RefreshTooltipForFrame(self);
				_G[self:GetName().."Highlight"]:Show();
			</OnEnter>
			<OnLeave>
				TRP3_MainTooltip:Hide();
				_G[self:GetName().."Highlight"]:Hide();
			</OnLeave>
		</Scripts>
		<Layers>
			<Layer level="BORDER">
				<FontString name="$parentCurrent" inherits="GameFontNormalSmall" justifyH="RIGHT" text="[current_profile]" hidden="true">
					<Anchors>
						<Anchor point="TOPRIGHT" x="-10" y="-10" />
					</Anchors>
					<Color r="0.0" g="0.95" b="0.0" />
				</FontString>
				<FontString name="$parentName" inherits="GameFontNormalLarge" justifyH="LEFT" text="[PROFILE_NAME]">
					<Size x="0" y="20" />
					<Anchors>
						<Anchor point="TOPLEFT" relativePoint="TOPRIGHT" relativeTo="$parentIcon" x="5" y="0" />
						<Anchor point="RIGHT" relativePoint="LEFT" relativeTo="$parentBound" x="-5" y="0" />
					</Anchors>
					<Color r="0.95" g="0.95" b="0.95" />
				</FontString>
				<FontString name="$parentCount" inherits="GameFontNormalSmall" justifyH="LEFT" text="[PROFILE_COUNT]">
					<Size x="0" y="10" />
					<Anchors>
						<Anchor point="BOTTOMLEFT" relativePoint="BOTTOMRIGHT" relativeTo="$parentIcon" x="25" y="5" />
						<Anchor point="RIGHT" relativePoint="LEFT" relativeTo="$parentAction" x="-5" y="0" />
					</Anchors>
					<Color r="0.95" g="0.75" b="0.10" />
				</FontString>
			</Layer>
			<Layer level="OVERLAY">
				<Texture alphaMode="ADD" alpha="0" name="$parentHighlight" file="Interface/ACHIEVEMENTFRAME/UI-Achievement-Alert-Glow">
					<Size x="150" y="60"/>
					<TexCoords left="0.8" right="1" top="0.1" bottom="0.22" />
					<Anchors>
						<Anchor point="TOPLEFT" x="-20" y="-2"/>
					</Anchors>
					<Animations>
						<AnimationGroup name="$parentAnimate" setToFinalAlpha="true" looping="NONE">
							<Alpha duration="0.4" toAlpha="1" fromAlpha="0" smoothing="IN" order="1"/>
							<Translation duration="0.8" offsetX="400" smoothing="IN_OUT" order="1"/>
							<Alpha duration="0.2" toAlpha="0" fromAlpha="1" smoothing="OUT" order="1" startDelay="0.5"/>
						</AnimationGroup>
					</Animations>
				</Texture>
			</Layer>
		</Layers>
		<Animations>
			<AnimationGroup name="$parentAnimate" looping="NONE">
				<Alpha duration="0.25" toAlpha="0.6" fromAlpha="1" order="1"/>
				<Alpha duration="0.25" toAlpha="1" fromAlpha="0.6"  order="2"/>
			</AnimationGroup>
		</Animations>
	</Frame>

	<!-- Profile manager -->
	<Frame name="TRP3_ProfileManagerTemplate" hidden="true" virtual="true">
		<Frames>
			<Frame frameLevel="2" parentKey="list" inherits="BackdropTemplate">
				<KeyValues>
					<KeyValue key="backdropInfo" value="TRP3_BACKDROP_TOOLTIP_0_24" type="global"/>
				</KeyValues>
				<Anchors>
					<Anchor point="TOPRIGHT" x="2" y="-28" />
					<Anchor point="BOTTOMLEFT" x="2" y="0" />
				</Anchors>
				<Layers>
					<Layer level="BACKGROUND">
						<Texture file="Interface\ARCHEOLOGY\Arch-BookCompletedLeft">
							<Anchors>
								<Anchor point="TOPRIGHT" x="-5" y="-2"/>
								<Anchor point="BOTTOMRIGHT" x="-5" y="-2"/>
								<Anchor point="LEFT" x="5" y="0"/>
							</Anchors>
							<TexCoords left="0.07" right="1" top="0" bottom="0.975" />
						</Texture>
					</Layer>
				</Layers>
				<Frames>
					<Frame name="$parentList" inherits="TRP3_InnerFrame">
						<Size x="0" y="350" />
						<Anchors>
							<Anchor point="LEFT" x="33" y="0" />
							<Anchor point="RIGHT" x="-20" y="0" />
						</Anchors>
						<Layers>
							<Layer level="OVERLAY">
								<FontString name="$parentEmpty" inherits="GameFontNormalLarge" justifyH="LEFT" text="[EMPTY]" hidden="true">
									<Size x="0" y="10" />
									<Anchors>
										<Anchor point="CENTER" x="0" y="0" />
									</Anchors>
									<Color r="0.95" g="0.95" b="0.95" />
								</FontString>
							</Layer>
						</Layers>
						<Frames>
							<Frame name="$parentLine1" inherits="TRP3_ProfileManagerLine">
								<Anchors>
									<Anchor point="TOP" x="0" y="-12" />
									<Anchor point="LEFT" x="8" y="0" />
									<Anchor point="RIGHT" x="-22" y="0" />
								</Anchors>
							</Frame>
							<Frame name="$parentLine2" inherits="TRP3_ProfileManagerLine">
								<Anchors>
									<Anchor point="TOP" relativePoint="BOTTOM" relativeTo="$parentLine1" x="0" y="-1" />
									<Anchor point="LEFT" x="0" y="0" relativeTo="$parentLine1" />
									<Anchor point="RIGHT" x="0" y="0" relativeTo="$parentLine1"/>
								</Anchors>
							</Frame>
							<Frame name="$parentLine3" inherits="TRP3_ProfileManagerLine">
								<Anchors>
									<Anchor point="TOP" relativePoint="BOTTOM" relativeTo="$parentLine2" x="0" y="-1" />
									<Anchor point="LEFT" x="0" y="0" relativeTo="$parentLine1" />
									<Anchor point="RIGHT" x="0" y="0" relativeTo="$parentLine1"/>
								</Anchors>
							</Frame>
							<Frame name="$parentLine4" inherits="TRP3_ProfileManagerLine">
								<Anchors>
									<Anchor point="TOP" relativePoint="BOTTOM" relativeTo="$parentLine3" x="0" y="-1" />
									<Anchor point="LEFT" x="0" y="0" relativeTo="$parentLine1" />
									<Anchor point="RIGHT" x="0" y="0" relativeTo="$parentLine1"/>
								</Anchors>
							</Frame>
							<Frame name="$parentLine5" inherits="TRP3_ProfileManagerLine">
								<Anchors>
									<Anchor point="TOP" relativePoint="BOTTOM" relativeTo="$parentLine4" x="0" y="-1" />
									<Anchor point="LEFT" x="0" y="0" relativeTo="$parentLine1" />
									<Anchor point="RIGHT" x="0" y="0" relativeTo="$parentLine1"/>
								</Anchors>
							</Frame>
							<Slider name="$parentSlider" parentKey="slider" inherits="TRP3_Scrollbar" />
						</Frames>
					</Frame>
					<Button name="$parentAdd" inherits="UIPanelButtonTemplate">
						<Size x="150" y="20" />
						<Anchors>
							<Anchor point="BOTTOM" relativePoint="TOP" relativeTo="$parentList" x="0" y="5" />
						</Anchors>
					</Button>
					<Button name="$parentInfo" inherits="TRP3_HelpButton" hidden="true">
						<Size x="15" y="15" />
						<Anchors>
							<Anchor point="BOTTOMRIGHT" relativePoint="TOPRIGHT" relativeTo="$parentList" x="3" y="8" />
						</Anchors>
					</Button>
					<EditBox name="$parentSearch" inherits="TRP3_TitledEditBox">
						<Size x="125" y="18" />
						<Anchors>
							<Anchor point="BOTTOMLEFT" relativePoint="TOPLEFT" relativeTo="$parentList" x="10" y="5" />
						</Anchors>
					</EditBox>
				</Frames>
			</Frame>
		</Frames>
	</Frame>

	<Frame name="TRP3_ProfileManager" inherits="TRP3_ProfileManagerTemplate" hidden="true" />

	<Frame name="TRP3_ProfileExport" parentKey="export" parent="TRP3_ProfileManager" inherits="TRP3_AltHoveredFrame" enableMouse="true" frameStrata="HIGH" hidden="true">
		<Size x="400" y="300"/>

		<Anchors>
			<Anchor point="CENTER" x="0" y="0"/>
		</Anchors>

		<Layers>
			<Layer level="OVERLAY">
				<FontString parentKey="title" inherits="GameFontNormalLarge" justifyH="CENTER" justifyV="MIDDLE">
					<Size x="0" y="30"/>
					<Anchors>
						<Anchor point="TOP" x="0" y="-10"/>
						<Anchor point="RIGHT" x="-10" y="0"/>
						<Anchor point="LEFT" x="10" y="0"/>
					</Anchors>
					<Color r="0.95" g="0.95" b="0.95" />
				</FontString>
				<FontString parentKey="warning" inherits="GameFontNormalSmall" justifyH="LEFT">
					<Anchors>
						<Anchor point="TOP" relativePoint="BOTTOM" relativeKey="$parent.title" />
						<Anchor point="RIGHT" x="-30" y="0"/>
						<Anchor point="LEFT" x="30" y="0"/>
					</Anchors>
					<Color r="0.95" g="0.95" b="0.95" />
				</FontString>
			</Layer>
		</Layers>

		<Frames>
			<Button parentKey="Close" inherits="UIPanelCloseButton">
				<Anchors>
					<Anchor point="TOPRIGHT" x="0" y="0"/>
				</Anchors>
				<Scripts>
					<OnClick>
						self:GetParent():Hide();
					</OnClick>
				</Scripts>
			</Button>

			<Frame parentKey="content" inherits="TRP3_TextArea">
				<Layers>
					<Layer level="OVERLAY">
						<FontString parentKey="title" inherits="GameFontNormalSmall" justifyH="LEFT">
							<Anchors>
								<Anchor point="TOPLEFT" x="10" y="12"/>
								<Anchor point="TOPRIGHT" x="0" y="12"/>
							</Anchors>
							<Color r="0.95" g="0.75" b="0.1"/>
						</FontString>
					</Layer>
				</Layers>
				<Anchors>
					<Anchor point="TOP" relativePoint="BOTTOM" relativeKey="$parent.warning" x="0" y="-25"/>
					<Anchor point="RIGHT" x="-30" y="0"/>
					<Anchor point="LEFT" x="20" y="0"/>
					<Anchor point="BOTTOM" x="0" y="30"/>
				</Anchors>
			</Frame>
		</Frames>
	</Frame>

	<Frame parentKey="import" name="TRP3_ProfileImport" parent="TRP3_ProfileManager" inherits="TRP3_AltHoveredFrame" enableMouse="true" frameStrata="HIGH" hidden="true">
		<Size x="400" y="300"/>

		<Anchors>
			<Anchor point="CENTER" x="0" y="0"/>
		</Anchors>

		<Layers>
			<Layer level="OVERLAY">
				<FontString parentKey="title" inherits="GameFontNormalLarge" justifyH="CENTER" justifyV="MIDDLE">
					<Size x="0" y="30"/>
					<Anchors>
						<Anchor point="TOP" x="0" y="-10"/>
						<Anchor point="RIGHT" x="-10" y="0"/>
						<Anchor point="LEFT" x="10" y="0"/>
					</Anchors>
					<Color r="0.95" g="0.95" b="0.95" />
				</FontString>
			</Layer>
		</Layers>

		<Frames>
			<Button parentKey="Close" inherits="UIPanelCloseButton">
				<Anchors>
					<Anchor point="TOPRIGHT" x="0" y="0"/>
				</Anchors>
				<Scripts>
					<OnClick>
						self:GetParent():Hide();
					</OnClick>
				</Scripts>
			</Button>

			<Button parentKey="save" inherits="TRP3_CommonButton">
				<Anchors>
					<Anchor point="BOTTOM" x="0" y="20"/>
				</Anchors>
			</Button>

			<Frame parentKey="content" inherits="TRP3_TextArea">
				<Layers>
					<Layer level="OVERLAY">
						<FontString parentKey="title" inherits="GameFontNormalSmall" justifyH="LEFT">
							<Anchors>
								<Anchor point="TOPLEFT" x="10" y="12"/>
								<Anchor point="TOPRIGHT" x="0" y="12"/>
							</Anchors>
							<Color r="0.95" g="0.75" b="0.1"/>
						</FontString>
					</Layer>
				</Layers>
				<Anchors>
					<Anchor point="TOP" relativePoint="BOTTOM" relativeKey="$parent.title" x="0" y="-21"/>
					<Anchor point="RIGHT" x="-30" y="0"/>
					<Anchor point="LEFT" x="20" y="0"/>
					<Anchor point="BOTTOM" relativePoint="TOP" relativeKey="$parent.save" x="0" y="5"/>
				</Anchors>
			</Frame>
		</Frames>
	</Frame>
</Ui>
