<Ui xmlns="http://www.blizzard.com/wow/ui/">
  <Button name="AuctionatorScrollListLineNoButtonsTemplate" inherits="AuctionatorRetailImportScrollListLineTextTemplate" mixin="AuctionatorScrollListLineMixin" virtual="true">
    <Size x="0" y="20"/>

    <Anchors>
      <Anchor point="LEFT"/>
      <Anchor point="RIGHT"/>
    </Anchors>

    <Layers>
      <Layer level="BACKGROUND">
        <FontString parentKey="Text" inherits="WhiteNormalNumberFont" justifyH="LEFT" maxLines="1">
          <Anchors>
            <Anchor point="LEFT" x="4" y="0"/>
            <Anchor point="RIGHT" x="-45" y="0"/>
          </Anchors>
        </FontString>
      </Layer>

      <Layer level="OVERLAY"><!-- Using a normal texture for highlight to control the behavior. -->
        <Texture parentKey="SelectedHighlight" atlas="auctionhouse-ui-row-select" alphaMode="ADD" hidden="true"/>
        <Texture parentKey="HighlightTexture" atlas="auctionhouse-ui-row-highlight" alphaMode="ADD" setAllPoints="true" hidden="true"/>
      </Layer>
    </Layers>

    <NormalTexture parentKey="NormalTexture" atlas="auctionhouse-rowstripe-1" setAllPoints="true"/>
  </Button>

  <Button name="AuctionatorScrollListLineButtonTemplate" virtual="true" mixin="AuctionatorScrollListLineButtonMixin">
    <Scripts>
      <OnShow method="OnShow"/>
      <OnEnter method="OnEnter"/>
      <OnLeave method="OnLeave"/>
    </Scripts>
  </Button>

  <Button name="AuctionatorScrollListLineShoppingListTemplate" inherits="AuctionatorScrollListLineNoButtonsTemplate" mixin="AuctionatorScrollListLineShoppingListMixin" virtual="true">
    <Frames>
      <Button parentKey="EditButton" inherits="AuctionatorScrollListLineButtonTemplate">
        <Size>
          <AbsDimension x="15" y="15"/>
        </Size>
        <Anchors>
          <Anchor point="TOPRIGHT" x="-30" y="0"/>
        </Anchors>
        <KeyValues>
          <KeyValue key="tooltipTitleText" value="AUCTIONATOR_L_EDIT_ITEM" type="global"/>
        </KeyValues>
        <Layers>
          <Layer level="ARTWORK">
            <Texture file="Interface\AddOns\Auctionator\Images\Pen_Icon" parentKey="texture"/>
            <Texture file="Interface\AddOns\Auctionator\Images\Pen_Icon_Grey" parentKey="hoverTexture"/>
          </Layer>
        </Layers>

        <Scripts>
          <OnClick>self:GetParent():EditItem()</OnClick>
        </Scripts>
      </Button>
      <Button parentKey="DeleteButton" inherits="AuctionatorScrollListLineButtonTemplate">
        <Size>
          <AbsDimension x="15" y="15"/>
        </Size>
        <KeyValues>
          <KeyValue key="tooltipTitleText" value="AUCTIONATOR_L_DELETE" type="global"/>
        </KeyValues>
        <Anchors>
          <Anchor point="TOPRIGHT" x="-10" y="0"/>
        </Anchors>
        <Layers>
          <Layer level="ARTWORK">
            <Texture file="Interface\AddOns\Auctionator\Images\Trash_Icon" parentKey="texture"/>
            <Texture file="Interface\AddOns\Auctionator\Images\Trash_Icon_Grey" parentKey="hoverTexture"/>
          </Layer>
        </Layers>

        <Scripts>
          <OnClick>self:GetParent():DeleteItem()</OnClick>
        </Scripts>
      </Button>
    </Frames>
  </Button>
  <Button name="AuctionatorScrollListLineRecentsTemplate" inherits="AuctionatorScrollListLineNoButtonsTemplate" mixin="AuctionatorScrollListLineRecentsMixin" virtual="true">
  </Button>
</Ui>
