<Ui xmlns="http://www.blizzard.com/wow/ui/">
  <Frame
    name="AuctionatorShoppingListTabFrameTemplate"
    virtual="true"
    parentKey="AuctionatorShoppingListFrame"
    mixin="AuctionatorShoppingListTabMixin"
    hidden="true"
  >
    <Scripts>
      <OnLoad method="OnLoad" />
      <OnShow method="OnShow" />
      <OnEvent method="OnEvent" />
    </Scripts>

    <Anchors>
      <Anchor point="TOP"/>
      <Anchor point="LEFT" x="4"/>
      <Anchor point="BOTTOMRIGHT" x="-4" y="27" />
    </Anchors>

    <Frames>
      <Frame parentKey="SearchManager" mixin="AuctionatorShoppingListSearchManagerMixin">
        <Scripts>
          <OnLoad method="OnLoad"/>
          <OnHide method="OnHide" />
        </Scripts>
      </Frame>
      <Frame parentKey="DataProvider" mixin="AuctionatorShoppingListDataProviderMixin">
        <Scripts>
          <OnLoad method="OnLoad"/>
          <OnUpdate method="OnUpdate" />
        </Scripts>
      </Frame>

      <EditBox autoFocus="false" inherits="InputBoxTemplate" parentKey="OneItemSearchBox" letters="100">
        <Size x="180" y="20"/>
        <Anchors>
          <Anchor point="TOPLEFT" x="50" y="-48"/>
        </Anchors>
        <FontString inherits="ChatFontNormal" justifyH="LEFT"/>
        <Scripts>
          <OnEnterPressed>self:GetParent().OneItemSearchButton:Click()</OnEnterPressed>
          <OnEscapePressed>self:ClearFocus()</OnEscapePressed>
        </Scripts>
      </EditBox>

      <Button inherits="UIPanelDynamicResizeButtonTemplate" text="AUCTIONATOR_L_SEARCH" mixin="AuctionatorShoppingOneItemSearchButtonMixin" parentKey="OneItemSearchButton">
        <Anchors>
          <Anchor point="TOPLEFT" relativeKey="$parent.OneItemSearchBox" relativePoint="TOPRIGHT" y="1"/>
        </Anchors>
        <Scripts>
          <OnLoad method="OnLoad"/>
          <OnClick method="OnClick"/>
        </Scripts>
      </Button>

      <Button parentKey="OneItemSearchExtendedButton" inherits="UIPanelButtonTemplate">
        <Size x="32" y="22"/>
        <Anchors>
          <Anchor point="TOPLEFT" relativeKey="$parent.OneItemSearchButton" relativePoint="TOPRIGHT"/>
        </Anchors>
        <Layers>
          <Layer level="ARTWORK">
            <Texture file="Interface\WorldMap\Gear_64">
              <TexCoords left="0.5" top="0" right="0" bottom="0.5"/>
              <Size x="19" y="19"/>
              <Anchors>
                <Anchor point="CENTER"/>
              </Anchors>
            </Texture>
          </Layer>
        </Layers>
        <Scripts>
          <OnClick>self:GetParent():ExtendedSearchClicked()</OnClick>
        </Scripts>
      </Button>

      <!-- Shopping List item scroll frame -->
      <Frame parentKey="ScrollListShoppingList" inherits="AuctionatorRetailImportScrollListTemplate" mixin="AuctionatorScrollListShoppingListMixin">
        <Anchors>
          <Anchor point="TOPLEFT" y="-106" />
          <Anchor point="BOTTOMRIGHT" relativePoint="BOTTOMLEFT" x="300" y="35" />
        </Anchors>
        <Layers>
          <Layer level="OVERLAY">
            <FontString parentKey="ResultsText" inherits="GameFontNormal" hidden="true">
              <Anchors>
                <Anchor point="TOP" relativeKey="$parent.LoadingSpinner" relativePoint="CENTER"/>
                <Anchor point="LEFT" x="45"/>
                <Anchor point="RIGHT" x="-67"/>
              </Anchors>
              <Shadow>
                <Offset>
                  <AbsDimension x="1" y="-1"/>
                </Offset>
                <Color r="0" g="0" b="0"/>
              </Shadow>
            </FontString>
            <Texture parentKey="LoadingSpinner" atlas="auctionhouse-ui-loadingspinner" hidden="true">
              <Size x="146" y="146"/>
              <Anchors>
                <Anchor point="CENTER" x="-12" y="-13"/>
              </Anchors>
            </Texture>
          </Layer>
        </Layers>
        <Animations>
          <AnimationGroup parentKey="SpinnerAnim" looping="REPEAT">
            <Rotation childKey="LoadingSpinner" order="1" duration="1" degrees="-360"/>
          </AnimationGroup>
        </Animations>
        <Scripts>
          <OnLoad method="OnLoad"/>
          <OnShow method="OnShow"/>
        </Scripts>
        <Layers>
          <Layer level="BACKGROUND">
            <Texture inherits="Auctionator_AuctionHouseBackgroundSellRight">
              <Anchors>
                <Anchor point="TOPLEFT"/>
                <Anchor point="BOTTOMRIGHT" y="2"/>
              </Anchors>
            </Texture>
          </Layer>
        </Layers>
      </Frame>

      <Frame parentKey="ScrollListRecents" inherits="AuctionatorRetailImportScrollListTemplate" mixin="AuctionatorScrollListRecentsMixin">
        <Anchors>
          <Anchor point="TOPLEFT" y="-106" />
          <Anchor point="BOTTOMRIGHT" relativePoint="BOTTOMLEFT" x="300" />
        </Anchors>
        <Layers>
          <Layer level="OVERLAY">
            <Texture parentKey="LoadingSpinner" atlas="auctionhouse-ui-loadingspinner" hidden="true">
              <Size x="146" y="146"/>
              <Anchors>
                <Anchor point="CENTER" x="-12" y="-13"/>
              </Anchors>
            </Texture>
          </Layer>
        </Layers>
        <Animations>
          <AnimationGroup parentKey="SpinnerAnim" looping="REPEAT">
            <Rotation childKey="LoadingSpinner" order="1" duration="1" degrees="-360"/>
          </AnimationGroup>
        </Animations>
        <Scripts>
          <OnLoad method="OnLoad"/>
          <OnShow method="OnShow"/>
        </Scripts>
        <Layers>
          <Layer level="BACKGROUND">
            <Texture parentKey="Bg" inherits="Auctionator_AuctionHouseBackgroundSellRight">
              <Anchors>
                <Anchor point="TOPLEFT"/>
                <Anchor point="BOTTOMRIGHT" y="2"/>
              </Anchors>
            </Texture>
          </Layer>
        </Layers>
      </Frame>

      <Frame parentKey="RecentsTabsContainer" mixin="AuctionatorShoppingTabRecentsContainerMixin">
        <Anchors>
          <Anchor point="TOPLEFT" relativePoint="TOPLEFT" relativeKey="$parent.ScrollListShoppingList" x="10"/>
          <Anchor point="RIGHT" relativePoint="TOPRIGHT" y="15" relativeKey="$parent.ScrollListShoppingList"/>
        </Anchors>
        <Anchors>
          <Anchor point="TOPLEFT" relativeKey="$parent.ScrollListShoppingList" relativePoint="TOPLEFT" x="25"/>
        </Anchors>
        <Scripts>
          <OnLoad method="OnLoad"/>
        </Scripts>
        <Frames>
          <Button parentKey="ListTab" id="1" inherits="AuctionatorShoppingMiniTabButtonTemplate" text="AUCTIONATOR_L_SHOPPING_LIST">
            <Anchors>
              <Anchor point="TOPLEFT" />
            </Anchors>
          </Button>
          <Button parentKey="RecentsTab" id="2" inherits="AuctionatorShoppingMiniTabButtonTemplate" text="AUCTIONATOR_L_RECENT_SEARCHES">
            <Anchors>
              <Anchor point="TOPLEFT" relativePoint="TOPRIGHT" relativeKey="$parent.ListTab"/>
            </Anchors>
          </Button>
        </Frames>
      </Frame>

      <!-- List Add Item Button -->
      <Button
        inherits="UIPanelDynamicResizeButtonTemplate"
        text="AUCTIONATOR_L_ADD_ITEM"
        parentKey="AddItem"
      >
        <Anchors>
          <Anchor point="TOPLEFT" relativeKey="$parent.ScrollListShoppingList" relativePoint="BOTTOMLEFT" x="4" y="-4" />
        </Anchors>
        <Scripts>
          <OnClick>self:GetParent():AddItemClicked()</OnClick>
        </Scripts>
      </Button>

      <Button inherits="UIPanelDynamicResizeButtonTemplate" text="AUCTIONATOR_L_SEARCH_ALL" mixin="AuctionatorListSearchButtonMixin" parentKey="ManualSearch">
        <Anchors>
          <Anchor point="TOPRIGHT" relativeKey="$parent.ScrollListShoppingList" relativePoint="BOTTOMRIGHT" x="-25" y="-4"/>
        </Anchors>
        <Scripts>
          <OnLoad method="OnLoad"/>
          <OnClick method="OnClick"/>
        </Scripts>
      </Button>
      <Button
        inherits="UIPanelDynamicResizeButtonTemplate"
        text="AUCTIONATOR_L_SORT"
        parentKey="SortItems"
      >
        <Anchors>
          <Anchor point="TOPLEFT" relativeKey="$parent.ManualSearch" relativePoint="TOPLEFT" y="-28" />
        </Anchors>
        <Scripts>
          <OnClick>self:GetParent():SortItemsClicked()</OnClick>
        </Scripts>
      </Button>

      <Frame inherits="AuctionatorResultsListingTemplate">
        <Anchors>
          <Anchor point="TOPLEFT" relativeKey="$parent.ScrollListShoppingList" relativePoint="TOPRIGHT" x="5" y="27"/>
          <Anchor point="BOTTOMRIGHT" relativeKey="$parent" relativePoint="BOTTOMRIGHT" x="-20"/>
        </Anchors>
      </Frame>

      <Frame parentKey="ShoppingResultsInset" inherits="AuctionatorInsetTemplate">
        <Anchors>
          <Anchor point="TOPLEFT" relativeKey="$parent.ResultsListing" relativePoint="TOPLEFT" x="-10" y="-25"/>
          <Anchor point="BOTTOMRIGHT" relativeKey="$parent.ResultsListing" relativePoint="BOTTOMRIGHT"/>
        </Anchors>
      </Frame>

      <Button inherits="UIPanelDynamicResizeButtonTemplate" text="AUCTIONATOR_L_EXPORT_RESULTS" parentKey="ExportCSV">
        <Anchors>
          <Anchor point="TOP" relativeKey="$parent.ResultsListing" relativePoint="BOTTOM"/>
          <Anchor point="RIGHT" relativePoint="RIGHT" x="-8" y="10" />
        </Anchors>
        <Scripts>
          <OnClick>self:GetParent():ExportCSVClicked()</OnClick>
        </Scripts>
      </Button>

      <!-- Shopping List Dropdown -->
      <Frame inherits="UIDropDownMenuTemplate" parentKey="ListDropdown" mixin="AuctionatorShoppingListDropdownMixin">
        <Anchors>
          <Anchor point="TOPLEFT" relativeKey="$parent.ResultsListing" y="35" x="50"/>
        </Anchors>
        <Scripts>
          <OnLoad method="OnLoad"/>
          <OnShow method="OnShow"/>
          <OnEvent method="OnEvent"/>
        </Scripts>
      </Frame>

      <!-- List export/Import -->
      <Button inherits="UIPanelDynamicResizeButtonTemplate" text="AUCTIONATOR_L_IMPORT" parentKey="Import">
        <Anchors>
          <Anchor point="TOPRIGHT" x="-5" y="-48"/>
        </Anchors>
        <Scripts>
          <OnClick>self:GetParent():ImportListsClicked()</OnClick>
        </Scripts>
      </Button>

      <Button inherits="UIPanelDynamicResizeButtonTemplate" text="AUCTIONATOR_L_EXPORT" parentKey="Export">
        <Anchors>
          <Anchor point="TOPRIGHT" relativeKey="$parent.Import" relativePoint="TOPLEFT"/>
        </Anchors>
        <Scripts>
          <OnClick>self:GetParent():ExportListsClicked()</OnClick>
        </Scripts>
      </Button>
    </Frames>
  </Frame>
</Ui>
